"plot","census","dominant_PFT","acom","bcom","ccom","minDBHcom","maxDBHcom","maxDBHdead","pattern","nb_trees","nb_deaths"
"T0101","2010-2015","EB-tree",-3.34818851081169,-0.0383652195492832,-0.452419950598744,0.999493043,59,14.8,"Declined",297,29
"T0102","2010-2015","EB-tree",-3.34110573135391,0.0423991385015057,-0.866848847221618,0.999493043,40.39989075,18.2,"U-shaped",258,25
"T0103","2010-2015","EB-tree",-4.25101554954562,0.00719193483653481,-0.154733365924549,0.999493043,38.6014399,20.10126931,"U-shaped",219,14
"T0104","2010-2015","EB-tree",-4.4555634335357,0.00145236018866698,0.163848871073391,1.101352206,49.70090563,32.3,"Increased",242,18
"T0105","2010-2015","EB-tree",-3.31152050502076,0.020273433570945,-0.534258834612284,0.999493043,40.49856682,15.9,"U-shaped",358,43
"T0106","2010-2015","EB-tree",-3.55858137079288,0.120280160671448,-1.1888903226098,0.999493043,34.19921417,25.9,"U-shaped",368,29
"T0107","2010-2015","EB-tree",-3.2891169071715,-0.0486657666399657,-0.10288907222194,0.999493043,43.59890511,29.5,"Declined",263,33
"T0108","2010-2015","EB-tree",-4.38151274903657,0.0234621161550528,0.174770712730637,0.999493043,33.90000288,30.9,"Increased",162,16
"T0109","2010-2015","EB-tree",-2.81000732811147,0.0453281323965992,-1.19296940221716,0.999493043,47.69873644,24.2,"U-shaped",248,30
"T0110","2010-2015","EB-tree",-3.56933611693291,0.0633811048645701,-0.322244151154408,0.999493043,43.4,37.6,"U-shaped",205,27
"T0111","2010-2015","EB-tree",-3.74438758130947,-0.139507298099551,0.627845998068477,0.999493043,33.40025636,21.7,"Unimodal",280,34
"T0112","2010-2015","EB-tree",-3.09831079425542,-0.0175998697230821,0.0871402793548885,1,34.89949592,31.5,"Unimodal",243,50
"T0113","2010-2015","EB-tree",-5.16538038979151,-0.689291347208825,3.51850160510735,1.101352206,22.69867798,9.1,"Unimodal",156,17
"T0114","2010-2015","EB-tree",-3.15197383565175,0.175331746458345,-1.38986848144842,0.999493043,36.3,36.3,"U-shaped",445,56
"T0115","2010-2015","EB-tree",-3.54800019277314,-0.00703576300150215,-0.172370322459704,0.999493043,38.20036944,27.1,"Declined",367,42
"T0116","2010-2015","EB-tree",-3.18924464993072,0.149061526797372,-1.06407283665859,0.999493043,36.39873549,26.6,"U-shaped",355,47
"T0117","2010-2015","EB-tree",-3.53415989248101,-0.0675813511291463,0.265130358608144,0.999493043,27.49879107,19.6,"Unimodal",491,67
"T0118","2010-2015","EB-tree",-3.03499772872318,0.0502408824313337,-0.688324011201175,0.999493043,28.5,28.5,"U-shaped",447,54
"T0119","2010-2015","EB-tree",-3.87287691080677,-0.0910329250172166,0.694794220661044,1.1,21.8010441,17.6,"Unimodal",432,65
"T0120","2010-2015","EB-tree",-3.09034270620107,-0.0485661768756528,-0.0174178396122734,0.999493043,20.6996919,12.7,"Declined",515,90
"T0201","2010-2015","EB-tree",-3.51204523555394,-0.0282970511162659,-0.127846507658335,0.999493043,46.80110257,12.1,"Declined",263,30
"T0202","2010-2015","EB-tree",-4.29769909147302,-0.19547350770978,0.696193032340795,1.101352206,45.40053907,9.7,"Unimodal",221,14
"T0203","2010-2015","EB-tree",-3.61866767831851,0.0825289065972183,-0.651881837240686,0.999493043,51.69989171,48.7,"U-shaped",315,33
"T0204","2010-2015","EB-tree",-4.51518790045457,-0.0552550407028487,0.515763502554666,1,38.49958073,20.2,"Unimodal",271,21
"T0205","2010-2015","EB-tree",-3.6048729956621,-0.610791413985959,1.87966571433969,0.999493043,69.40110448,9.5,"Unimodal",209,23
"T0206","2010-2015","EB-tree",-3.99198434856811,-0.060979561910771,0.506263366543984,0.999493043,39.9988203,19.4,"Unimodal",276,33
"T0207","2010-2015","EB-tree",-3.81797224131857,0.107327864662183,-1.01369094590601,1.1,39.10118642,27.6,"U-shaped",348,23
"T0208","2010-2015","EB-tree",-4.01593792287214,0.0254207537006398,0.149894753595876,0.999493043,32.79865067,30.8,"Increased",367,41
"T0209","2010-2015","EB-tree",-4.96588197459116,-0.193521455010138,1.72053973138504,1.101352206,45.79842642,17.7,"Unimodal",157,16
"T0210","2010-2015","EB-tree",-3.79558570568154,0.0253825014218783,-0.350407776303377,0.999493043,33.49893242,17.6,"U-shaped",211,18
"T0211","2010-2015","EB-tree",-3.62346248130618,-0.0287797667747609,0.17466321161515,0.999493043,34.9,19.1,"Unimodal",235,32
"T0212","2010-2015","EB-tree",-3.39955372699851,0.101177204629878,-0.635476982792584,0.999493043,38.20036944,33.1,"U-shaped",331,43
"T0213","2010-2015","EB-tree",-4.39367753446562,0.00563310682624768,0.211631933441213,1.2,44.60158125,29.1,"Increased",250,21
"T0214","2010-2015","EB-tree",-3.19421078157464,0.014345519517897,-0.211499124035974,0.999493043,42.00098948,32.4,"U-shaped",350,59
"T0215","2010-2015","EB-tree",-4.08299238122267,-0.00328362458550728,0.179624100472974,0.999493043,34.69896069,33.4,"Increased",344,33
"T0216","2010-2015","EB-tree",-3.70373660582631,0.0327026839141567,-0.3071178165712,0.999493043,36.70112988,31.9,"U-shaped",390,40
"T0217","2010-2015","EB-tree",-3.03950138063087,0.134294381016454,-0.876237476483592,0.999493043,31.1,31.1,"U-shaped",243,40
"T0218","2010-2015","EB-tree",-3.67172639995248,-0.163494516413957,0.522591521261839,0.999493043,27.89986152,13.7,"Unimodal",348,37
"T0219","2010-2015","EB-tree",-3.34343805528404,-0.0426284325205553,0.0938949589256995,0.999493043,23.00107238,13.6,"Unimodal",327,50
"T0220","2010-2015","EB-tree",-3.16948045188425,-0.109608379062653,0.171984612606857,1,29.09988979,12.2,"Unimodal",340,52
"T0301","2010-2015","EB-tree",-3.05410649219772,0.0279355449093957,-0.388378524623355,0.999493043,50.2,27.5,"U-shaped",284,48
"T0302","2010-2015","EB-tree",-3.259809635786,-0.0323921248096402,-0.215567171864023,0.999493043,40.3,23.4,"Declined",257,33
"T0303","2010-2015","EB-tree",-2.76226278352904,-0.149206894741624,-0.417640216654626,0.999493043,46.6992434,8,"Declined",381,56
"T0304","2010-2015","DB-tree",-2.47423379927434,-0.118486022405824,-1.09545183932029,0.999493043,57.70003307,6.9,"Declined",414,62
"T0305","2010-2015","EB-tree",-2.4953064916241,-0.101714570254173,-0.540417574180712,0.999493043,47.69873644,13.8,"Declined",322,56
"T0306","2010-2015","EB-tree",-3.51764959899353,0.00615916671159235,-0.165790624575176,0.999493043,47.50138432,26.3,"U-shaped",390,47
"T0307","2010-2015","DB-tree",-2.8426419958285,0.0814757518616206,-1.01696059476366,0.999493043,46.6992434,38,"U-shaped",393,63
"T0308","2010-2015","EB-tree",-3.47976764682592,-0.0417849432260964,-0.126720665437101,0.999493043,36.00084813,20.4,"Declined",220,25
"T0309","2010-2015","EB-tree",-3.95981444447979,-0.198105238466639,0.862199523476907,0.999493043,32.49943938,13.5,"Unimodal",161,16
"T0310","2010-2015","EB-tree",-3.40718291776552,0.0605772842571609,-0.446526446015363,0.999493043,41.3993838,30.6,"U-shaped",461,60
"T0311","2010-2015","EB-tree",-3.77612038323114,-0.0275329701456018,0.11483687382454,0.999493043,51.90042694,30.2,"Unimodal",383,42
"T0312","2010-2015","EB-tree",-4.08028881875323,0.0242502214895843,-0.218036860208038,0.999493043,55.70104698,35,"U-shaped",331,25
"T0313","2010-2015","EB-tree",-4.70892513454295,-0.00416266888570747,0.30012873214153,0.999493043,43.99997557,31.6,"Increased",358,22
"T0314","2010-2015","EB-tree",-3.66869727545199,-0.206389684262904,1.0356194384173,0.999493043,32.90050984,12.1,"Unimodal",284,43
"T0315","2010-2015","EB-tree",-3.32868877093944,0.000125466618860792,0.0233693691703493,0.999493043,36.9,36.9,"Increased",229,39
"T0316","2010-2015","EB-tree",-3.35046577872944,-0.0791323453654351,-0.0298434434590757,0.999493043,39.80146817,9.8,"Declined",203,25
"T0317","2010-2015","EB-tree",-3.09352185748135,0.0486457524102766,-0.416038094735598,0.999493043,38.6014399,30.2,"U-shaped",296,50
"T0318","2010-2015","EB-tree",-3.2825705735055,-0.0669735163405685,0.126451629182944,0.999493043,32.49943938,15.2,"Unimodal",198,29
"T0319","2010-2015","EB-tree",-2.91697174823342,-0.149601104049386,0.411178437988821,0.999493043,20.60101583,15,"Unimodal",249,52
"T0320","2010-2015","EB-tree",-2.99700547738594,-0.101595652194217,0.285008888232195,0.999493043,25.00005846,16.4,"Unimodal",389,78
"T0401","2010-2015","DB-tree",0.115169361244962,-3.99503110653812,6.5851647630387,0.999493043,62.40147009,2.7,"Unimodal",131,15
"T0402","2010-2015","EB-tree",-2.9754609567905,0.0245218226965527,-0.595818913412937,1,62.99989267,22,"U-shaped",224,31
"T0403","2010-2015","EB-tree",-2.70170165684243,-0.101555804326296,-1.01330609430124,1,46.80110257,9.5,"Declined",225,24
"T0404","2010-2015","EB-tree",-3.41744520531008,0.0150320394711251,-0.388206154810121,1,30.29991807,25.6,"U-shaped",213,25
"T0405","2010-2015","EB-tree",-1.43998211315865,-1.35175339284857,1.90630499501164,0.999493043,55.90158221,4.2,"Unimodal",239,42
"T0406","2010-2015","EB-tree",-2.53739449290197,0.0650741342401912,-1.25783246995382,0.999493043,48.70141259,25.8,"U-shaped",287,37
"T0407","2010-2015","EB-tree",-1.83685545348928,0.159470272886227,-2.64643085200844,1.1,43.09915859,20.8,"U-shaped",171,21
"T0408","2010-2015","DB-tree",-3.74718730870431,-0.174778916428036,0.612574888090401,1,50.09879299,15.5,"Unimodal",148,15
"T0409","2010-2015","DB-tree",-2.57125676414515,0.0835853521977891,-1.16776886649603,0.999493043,44.90079255,22.2,"U-shaped",255,46
"T0410","2010-2015","EB-tree",-3.10238458806968,0.0553130953375017,-1.09812605015943,0.999493043,56.79921609,21.9,"U-shaped",387,40
"T0411","2010-2015","EB-tree",-3.5172632527199,0.0930188043432786,-0.694277274120079,0.999493043,49.1,49.1,"U-shaped",275,31
"T0412","2010-2015","EB-tree",-3.34287217410937,-0.0456894141405602,0.136880408523655,0.999493043,40.60042598,26.5,"Unimodal",221,35
"T0413","2010-2015","EB-tree",-2.83040830505651,-0.324101938582286,0.977823067324983,0.999493043,39.8,11.1,"Unimodal",255,57
"T0414","2010-2015","EB-tree",-2.60850742462847,-0.0401815130927965,-0.359470906590897,0.999493043,43.9012995,17.5,"Declined",199,40
"T0415","2010-2015","DB-tree",-2.94882629780932,-0.0706250176417364,0.157464723892841,0.999493043,37.99983421,14.4,"Unimodal",157,33
"T0416","2010-2015","DB-tree",-3.90871620086109,-0.0337761157160862,0.0532398684613227,0.999493043,43.50022905,18.6,"Unimodal",156,14
"T0417","2010-2015","EB-tree",-2.45256409381592,0.0866015634638174,-1.34944131876836,1.1,42.70127123,37.8,"U-shaped",173,32
"T0418","2010-2015","EB-tree",-4.63756006248068,-0.0077465781198571,0.513956638000877,1.101352206,36.30005942,26.1,"Increased",165,17
"T0419","2010-2015","EB-tree",-3.9238842984762,0.0499260460502888,-0.11960675121557,0.999493043,32.8,32.8,"U-shaped",379,40
"T0420","2010-2015","EB-tree",-4.12565370347791,-0.120127846746967,0.633899171181515,1.1,23.30028367,20.7,"Unimodal",476,47
"T0501","2010-2015","EB-tree",-2.32967792147537,-0.0231367127666277,-0.727439479566789,0.999493043,41.89913032,9.3,"Declined",203,43
"T0502","2010-2015","EB-tree",-2.11858798676141,0.0642879834428043,-1.53087533679639,0.999493043,30.59912936,18,"U-shaped",251,47
"T0503","2010-2015","DB-tree",-2.64350034852429,-0.199282727043732,0.00339751409664282,0.999493043,87.50020461,11.3,"Declined",173,30
"T0504","2010-2015","EB-tree",-2.66424458210173,-0.014803705799072,-0.247949859607974,0.999493043,39.80146817,21.9,"Declined",224,55
"T0505","2010-2015","DB-tree",-3.18459947715515,-0.213703372584707,0.674892142602768,0.999493043,62.40147009,16.6,"Unimodal",209,35
"T0506","2010-2015","EB-tree",-3.69903870668848,-0.00294249072753951,0.0550597594426464,1.2,55.0994413,22,"Unimodal",226,28
"T0507","2010-2015","EB-tree",-3.21079864350597,-0.0305286679391179,-0.343631172693183,0.999493043,46.30135604,11.4,"Declined",456,60
"T0508","2010-2015","EB-tree",-3.20931536857588,0.0907506083735124,-1.18022771445841,0.999493043,33.60079159,20.5,"U-shaped",208,23
"T0509","2010-2015","EB-tree",-3.04967631707429,0.0616708801952676,-0.910235850847041,0.999493043,37.50008769,33.4,"U-shaped",262,35
"T0510","2010-2015","DB-tree",-2.84101143066745,-0.0435999994496096,-0.141490492217506,0.999493043,60.50116007,16.6,"Declined",301,62
"T0511","2010-2015","EB-tree",-2.83396226282191,-0.287044552850316,0.750953200291733,0.999493043,50.59853951,10.5,"Unimodal",269,57
"T0512","2010-2015","EB-tree",-3.16792274522656,-0.0307458622999703,0.0651630994458112,0.999493043,41.89913032,16.3,"Unimodal",448,82
"T0513","2010-2015","EB-tree",-3.51375813631745,-0.0275955733427869,-0.229000686779059,0.999493043,33.80132681,27.4,"Declined",309,30
"T0514","2010-2015","EB-tree",-3.6469968841303,-0.0708275972669234,0.0539779339590642,0.999493043,38.99932726,15.4,"Declined",351,35
"T0515","2010-2015","EB-tree",-4.05886396961113,0.0180301547635641,0.0818351295951937,0.999493043,37.50008769,27.8,"Increased",224,23
"T0516","2010-2015","EB-tree",-3.75988535474675,-0.19929714648981,1.00199607716612,0.999493043,36,19.7,"Unimodal",198,26
"T0517","2010-2015","EB-tree",-3.10585123257163,-0.0614673394812972,0.155747179058494,0.999493043,31.5986224,29.9,"Unimodal",157,29
"T0518","2010-2015","EB-tree",-3.46824966717268,-0.110110283590415,0.393094600102563,1.1,27.10090371,12.9,"Unimodal",160,22
"T0519","2010-2015","EB-tree",-3.35673058179317,0.0286923728346082,-0.15868461036738,0.999493043,30.39859413,25.6,"U-shaped",242,37
"T0520","2010-2015","EB-tree",-2.59684077003015,0.216462985290391,-1.54984498687541,0.999493043,35.7,35.7,"U-shaped",391,58
"T0601","2010-2015","DB-tree",-2.4989087509697,-0.139001800301667,0.576132459424109,0.999493043,57.29896261,18.8,"Unimodal",197,68
"T0602","2010-2015","EB-tree",-2.46137594439768,-0.00490407698330105,-0.206374563462977,1.1,49.79958169,19.5,"Declined",379,114
"T0603","2010-2015","EB-tree",-3.3508343371348,0.0365504937852676,-0.248169919357288,0.999493043,53.5,53.5,"U-shaped",269,41
"T0604","2010-2015","EB-tree",-3.08084173338734,-0.0481859854794562,-0.676818025409216,0.999493043,53.80073696,18.2,"Declined",346,38
"T0605","2010-2015","EB-tree",-2.59863173098851,0.0331224101331042,-0.69472887853219,0.999493043,27.99853759,24.6,"U-shaped",323,61
"T0606","2010-2015","EB-tree",-3.14832584441039,-0.0531786309393692,0.137567312409961,1.1,40.30121469,22.8,"Unimodal",321,56
"T0607","2010-2015","EB-tree",-4.0928845596717,-0.0238855648350308,0.316889146932998,0.999493043,37.00034117,27.2,"Unimodal",207,23
"T0608","2010-2015","EB-tree",-3.34958415626834,0.0202573096725624,-0.662387672459075,0.999493043,54.50101871,21.5,"U-shaped",251,24
"T0609","2010-2015","EB-tree",-3.22537683606167,0.00794452025472818,-0.449432727768932,0.999493043,53.50152567,13.2,"Declined",330,40
"T0610","2010-2015","EB-tree",-3.3825693606226,-0.201013454913987,0.453665752404493,0.999493043,38.40090467,12.6,"Unimodal",312,39
"T0611","2010-2015","EB-tree",-3.51211114698727,-0.0682117594785712,0.333475014341155,0.999493043,44.40104602,17,"Unimodal",317,47
"T0612","2010-2015","EB-tree",-3.76144340485746,-0.218635004876698,0.968198309572352,0.999493043,36,11.8,"Unimodal",274,35
"T0613","2010-2015","EB-tree",-3.37055993825444,0.0137147860865891,-0.583740337821354,0.999493043,28.7,15.4,"Declined",219,21
"T0614","2010-2015","EB-tree",-4.02168011615398,-0.151084806865199,0.901849906673854,1.1,56.29946957,19.1,"Unimodal",270,33
"T0615","2010-2015","EB-tree",-3.94910904642121,-0.208781031619317,0.92065391945914,0.999493043,30,18.6,"Unimodal",255,27
"T0616","2010-2015","EB-tree",-3.50135803628632,-0.657198410760881,1.79395505242742,1,37.2008764,7.9,"Unimodal",239,21
"T0617","2010-2015","EB-tree",-2.81499708336458,0.147418398707604,-1.04299011696213,1.1,25.00005846,22.2,"U-shaped",400,62
"T0618","2010-2015","EB-tree",-2.59561236435855,0.0943304503043939,-0.902278478860259,0.999493043,29.30042502,29,"U-shaped",299,60
"T0619","2010-2015","EB-tree",-2.90865853643542,-0.104027186195583,-0.0783320805111114,0.999493043,32.40076331,12.7,"Declined",379,62
"T0620","2010-2015","EB-tree",-2.46747723639631,0.143324047343287,-1.23162998736864,1,37.6,37.6,"U-shaped",332,59
"T0701","2010-2015","EB-tree",-2.81838772094058,0.0116651918344353,-0.28812498503237,0.999493043,44.90079255,27.9,"U-shaped",303,62
"T0702","2010-2015","EB-tree",-4.15619947923842,-0.105210927536431,0.729267154187587,0.999493043,46.80110257,16.7,"Unimodal",350,35
"T0703","2010-2015","EB-tree",-4.05415791679654,-0.160587727970841,0.851830489071618,0.999493043,48.39901819,12.8,"Unimodal",357,37
"T0704","2010-2015","EB-tree",-3.72562432273137,0.0271195635275524,-0.354704483963975,0.999493043,44.09865163,32.1,"U-shaped",305,29
"T0705","2010-2015","EB-tree",-2.99453811079864,-0.018493707071511,-0.339604696492981,0.999493043,42.30020077,19.20045233,"Declined",501,82
"T0706","2010-2015","EB-tree",-2.43069075647968,0.0567911326675879,-0.641577626829097,0.999493043,36.39873549,31.4,"U-shaped",245,56
"T0707","2010-2015","EB-tree",-2.04481264549875,-0.308525930121726,-0.0423635960757113,0.999493043,35.69845374,8.8,"Declined",261,46
"T0708","2010-2015","EB-tree",-3.25567283497691,-0.0386475722629996,-0.159986869333193,1.1,38.29904551,16.8,"Declined",356,44
"T0709","2010-2015","EB-tree",-3.11231765896511,-0.117141647357497,0.2428673256275,0.999493043,39.19986248,16.5,"Unimodal",269,41
"T0710","2010-2015","EB-tree",-3.57536956702099,0.0308805479942439,-0.35165775476117,0.999493043,34.49842546,31.8,"U-shaped",218,23
"T0711","2010-2015","EB-tree",-3.58286972710443,0.05484674039576,-0.388063382032201,0.999493043,32.69997461,28.2,"U-shaped",275,31
"T0712","2010-2015","EB-tree",-3.02702515155314,0.0551301470570902,-0.506470703833731,0.999493043,45.3,45.3,"U-shaped",193,33
"T0713","2010-2015","EB-tree",-3.40057544583721,0.0150973183739064,-0.0826758831868382,1.1,38.20036944,36.8,"U-shaped",180,28
"T0714","2010-2015","EB-tree",-2.94935503227321,-0.0500826691938209,-0.138957905655397,0.999493043,39.60093294,20.9,"Declined",245,39
"T0715","2010-2015","EB-tree",-3.80052562529115,-0.178828731828421,0.447057101960583,0.999493043,23.00107238,14.4,"Unimodal",396,35
"T0716","2010-2015","EB-tree",-3.02708734269934,0.0730358002119746,-0.588133940256608,0.999493043,39.8,39.8,"U-shaped",396,62
"T0717","2010-2015","EB-tree",-2.69713485395592,-0.0696293013835689,-0.191649994786293,0.999493043,23.19842451,16.8,"Declined",426,80
"T0718","2010-2015","EB-tree",-3.35319299912612,0.060977871178721,-0.529546122555825,0.999493043,24.29977671,22.6,"U-shaped",731,88
"T0719","2010-2015","EB-tree",-2.91240932173404,0.0475735345083784,-0.695806438419235,1.1,26.40062196,24.6,"U-shaped",447,70
"T0720","2010-2015","EB-tree",-2.87498080117023,0.0423079518575544,-0.453330577589979,0.999493043,33.90000288,20.7,"U-shaped",509,93
"T0801","2010-2015","EB-tree",-3.33328719038637,0.0697435365579473,-0.473047729725513,0.999493043,45.4,45.4,"U-shaped",266,38
"T0802","2010-2015","EB-tree",-2.96708734570635,0.0147156358329489,-0.282287463412211,0.999493043,36.59927071,32.2,"U-shaped",211,38
"T0803","2010-2015","EB-tree",-4.11809743486825,-0.334218054886923,1.52296951295612,0.999493043,56.79921609,9.9,"Unimodal",172,16
"T0804","2010-2015","EB-tree",-4.46125991374979,-0.230444509485941,1.56917976312294,0.999493043,46.30135604,20.4,"Unimodal",223,26
"T0805","2010-2015","EB-tree",-3.55929547642219,-0.0730862198865222,-0.0291862605708139,1,51.20014519,23.2,"Declined",160,14
"T0806","2010-2015","EB-tree",-4.27815987189854,-0.170275244411119,1.31217822639436,0.999493043,47.10031386,23.4,"Unimodal",153,23
"T0807","2010-2015","EB-tree",-3.30157709398987,0.00562204933587767,-0.266536476236761,0.999493043,42.7999473,25,"Declined",235,30
"T0808","2010-2015","EB-tree",-2.92292588618665,-0.0529503767402922,0.00551949053021089,0.999493043,37.2008764,28.3,"Declined",214,39
"T0809","2010-2015","EB-tree",-3.03243799582335,-0.0293818268343353,0.038770990585513,0.999493043,35.30056638,29.3,"Unimodal",211,41
"T0810","2010-2015","EB-tree",-3.88279346589938,-0.0672862272168407,0.249414501090445,0.999493043,32.79865067,21.8,"Unimodal",285,28
"T0811","2010-2015","EB-tree",-3.10636286094134,-0.00784773757803151,-0.283880756316215,0.999493043,26.69983325,21.1,"Declined",245,36
"T0812","2010-2015","EB-tree",-3.40833390977,-0.00353369475906098,-0.235647710566998,0.999493043,32.69997461,26.1,"Declined",316,39
"T0813","2010-2015","EB-tree",-3.14873957819164,-0.10664570935504,-0.105172507214934,0.999493043,46.30135604,19.7,"Declined",315,38
"T0814","2010-2015","EB-tree",-3.17648461685575,-0.00137264694507417,-0.251456672900116,0.999493043,33.19972113,32.6,"Declined",219,33
"T0815","2010-2015","EB-tree",-2.76491326287808,0.0412908635038374,-0.307578561497847,0.999493043,46.40003211,30.3,"U-shaped",234,56
"T0816","2010-2015","EB-tree",-3.29662968332872,-0.337355295762416,1.38384841117133,1.1,24.00056542,10.5,"Unimodal",379,83
"T0817","2010-2015","EB-tree",-2.69424375812993,0.019323383550436,-0.528059897871876,0.999493043,32.20022809,25.6,"U-shaped",431,81
"T0818","2010-2015","EB-tree",-3.56844484696939,0.0287281597900508,-0.103837854845067,0.999493043,22.89921321,18.6,"U-shaped",605,81
"T0819","2010-2015","EB-tree",-2.82076367720117,-0.0813504839846411,-0.0842989443662919,1,22.30079063,13.4,"Declined",629,120
"T0820","2010-2015","EB-tree",-3.33793081294611,0.0562904550885297,-0.399788009317422,1.1,42.00098948,31.8,"U-shaped",749,101
"T0901","2010-2015","EB-tree",-4.22358319255087,-0.148420600477567,0.730980375944972,1.1,60.80037136,13.8,"Unimodal",164,14
"T0902","2010-2015","EB-tree",-3.525170722273,-0.0284304005482911,0.212030894191006,1,47,47,"Unimodal",249,38
"T0903","2010-2015","EB-tree",-4.3088542012769,-0.128677935592657,0.948598255592487,0.999493043,39.60093294,22.9,"Unimodal",218,23
"T0904","2010-2015","EB-tree",-5.08104850805399,-0.138796408155276,1.09394298744116,1.1,37.90115815,22.6,"Unimodal",282,17
"T0905","2010-2015","EB-tree",-4.37685339480235,0.0457765287191638,0.0473461615172066,1.101352206,57.9,57.9,"Increased",234,22
"T0906","2010-2015","EB-tree",-4.16323636667032,0.0719825576222665,-0.334197456893234,0.999493043,45.10132777,43.2,"U-shaped",239,20
"T0907","2010-2015","EB-tree",-4.22956699085573,-0.0534575571450624,0.556276154043443,0.999493043,38.70011596,19.7,"Unimodal",199,22
"T0908","2010-2015","EB-tree",-5.3833316418325,-0.0458102393714418,1.08130880127464,0.999493043,40.49856682,25.6,"Unimodal",259,22
"T0909","2010-2015","EB-tree",-3.95267431309923,0.0142807321524145,0.0617054504482203,1.1,43.79944034,43.4,"Increased",245,27
"T0910","2010-2015","EB-tree",-3.7598791934325,-0.73553596334498,2.41692408678417,0.999493043,33.19972113,9.6,"Unimodal",259,27
"T0911","2010-2015","EB-tree",-3.51360364305492,-0.14631972182394,0.875430427072478,1,37.29955246,33.1,"Unimodal",244,48
"T0912","2010-2015","EB-tree",-3.44932664915248,0.0220119996313502,-0.0573931428001027,0.999493043,34.60028463,27.9,"U-shaped",209,33
"T0913","2010-2015","EB-tree",-3.21898055410207,-0.0972416965666431,0.43428717446525,0.999493043,33.10104506,16.6,"Unimodal",294,56
"T0914","2010-2015","EB-tree",-2.94787278627717,0.0565323551757272,-0.654634617026442,0.999493043,29.39910109,23.6,"U-shaped",345,56
"T0915","2010-2015","EB-tree",-3.02721153430289,-0.742236867223367,1.78268437443349,0.999493043,36.70112988,6.4,"Unimodal",302,40
"T0916","2010-2015","EB-tree",-3.73333414770741,-0.0716647405669279,0.748457417469145,1.1,37.59876376,32.1,"Unimodal",344,64
"T0917","2010-2015","EB-tree",-2.66235866486352,-0.0442943278884656,-0.481209885004499,0.999493043,26.69983325,26.4,"Declined",292,49
"T0918","2010-2015","EB-tree",-3.44362977773092,0.0121906706768835,-0.206932716931713,0.999493043,27.400115,25.5,"U-shaped",350,43
"T0919","2010-2015","EB-tree",-4.08216246723783,-0.170803266951143,0.836430213505682,0.999493043,20.90022713,18.6,"Unimodal",338,37
"T0920","2010-2015","EB-tree",-2.97112282585882,0.012439205480998,-0.305717820815311,1.101352206,21.10076236,17.2,"Declined",516,92
"T1001","2010-2015","EB-tree",-3.06714052010537,0.075524865927601,-1.17539760782225,0.999493043,63.29910397,54.7,"U-shaped",196,19
"T1002","2010-2015","EB-tree",-3.82156721097383,-0.0592870504688569,0.286230377354947,1.1,40.19935553,28,"Unimodal",241,27
"T1003","2010-2015","EB-tree",-3.7421139316937,0.084321001642913,-0.345658960144742,0.999493043,52.5,52.5,"U-shaped",206,27
"T1004","2010-2015","EB-tree",-3.66064901781821,-0.0690027149257469,0.504091323730025,1.1,49.09929994,20.3,"Unimodal",207,33
"T1005","2010-2015","EB-tree",-3.48113222920509,-0.0436797879410714,-0.00289547672674256,1.1,42.09966555,21.4,"Declined",247,30
"T1006","2010-2015","EB-tree",-4.71357824497974,-0.127801223671943,1.07154042949052,1,51.20014519,20.6,"Unimodal",163,15
"T1007","2010-2015","EB-tree",-3.86164176388213,-0.0106992055701859,-0.0554825157537146,0.999493043,45.99896165,31.4,"Declined",241,22
"T1008","2010-2015","EB-tree",-4.98197305095729,-0.188130487528429,1.58922867297029,0.999493043,42.59941207,29.2,"Unimodal",230,25
"T1009","2010-2015","EB-tree",-3.46243351706324,0.0181653218607977,-0.67775247648571,0.999493043,47.69873644,16.8,"U-shaped",235,20
"T1010","2010-2015","DB-tree",-3.73867557579183,-0.150601093182417,0.291760674215338,0.999493043,37.40141163,11.6,"Unimodal",263,23
"T1011","2010-2015","EB-tree",-4.05029130815166,-0.0290755815255557,0.456560095661165,0.999493043,43.29969382,27.3,"Unimodal",263,34
"T1012","2010-2015","EB-tree",-3.47675480331482,-0.0221397531422352,0.403407114165707,0.999493043,37.1,37.1,"Unimodal",237,49
"T1013","2010-2015","DB-tree",-3.74570579940705,-0.00663026340306617,0.0106450431253194,0.999493043,43.50022905,20.4,"Unimodal",364,40
"T1014","2010-2015","EB-tree",-3.14428366205085,0.0417291125431653,-0.399560258893228,0.999493043,47.39952515,31.2,"U-shaped",461,73
"T1015","2010-2015","EB-tree",-3.20237473914688,0.0756827271127195,-0.862127396362323,0.999493043,41.4,32.5,"U-shaped",433,52
"T1016","2010-2015","EB-tree",-4.09938542739357,0.00796630609186865,0.128456823990168,1.1,43.29969382,35.7,"Increased",371,35
"T1017","2010-2015","EB-tree",-2.96193201579298,-0.0730644222769289,-0.199662625549517,0.999493043,36.20138336,18.1,"Declined",339,52
"T1018","2010-2015","EB-tree",-3.76336755213012,-0.146552686373519,0.460206813595428,1,33.49893242,22.2,"Unimodal",315,33
"T1019","2010-2015","EB-tree",-3.6054604265068,-0.0773292336366449,0.339744139606353,1.101352206,35.69845374,27.2,"Unimodal",292,40
"T1020","2010-2015","EB-tree",-2.97534790003498,0.0109487199997776,-0.106977836042142,0.999493043,27.80118546,25.1,"U-shaped",250,53
"T1101","2010-2015","EB-tree",-3.56553972211049,0.0141267368439715,-0.410345497911708,0.999493043,60.50116007,28.2,"U-shaped",216,21
"T1102","2010-2015","EB-tree",-2.71183839606802,-0.0152147066770822,-0.488846951338797,0.999493043,41.1,24.2,"Declined",317,54
"T1103","2010-2015","EB-tree",-3.29131554294793,-0.425575333185559,0.963078493769004,0.999493043,33.30158029,9.6,"Unimodal",279,33
"T1104","2010-2015","EB-tree",-2.72440222549517,-0.416186791977287,-0.161661856187569,0.999493043,37.79929898,4.9,"Declined",237,22
"T1105","2010-2015","EB-tree",-2.5771607293565,-0.0593121213464698,-0.369492596706198,0.999493043,26.69983325,13.2,"Declined",180,34
"T1106","2010-2015","EB-tree",-4.59357191599209,-0.175845058469396,1.21832313269539,0.999493043,56.70054003,18.3,"Unimodal",201,19
"T1107","2010-2015","EB-tree",-2.73103639177366,0.0823914772069303,-0.964438947796558,0.999493043,36.8,33.7,"U-shaped",258,39
"T1108","2010-2015","EB-tree",-3.67212414201038,0.0207844164845436,-0.0818174377288891,0.999493043,35.8003129,21.9,"U-shaped",181,23
"T1109","2010-2015","EB-tree",-4.02000390401436,-0.0910062648139816,0.542237119542131,0.999493043,45.90028559,16.7,"Unimodal",200,22
"T1110","2010-2015","EB-tree",-4.14747507927903,-0.125113412117675,0.839889431847166,0.999493043,43.00048252,22.3,"Unimodal",249,28
"T1111","2010-2015","EB-tree",-4.15488032340318,-0.102367845868976,0.466538159433373,0.999493043,51.10146913,13.7,"Unimodal",276,22
"T1112","2010-2015","EB-tree",-3.98775669308141,-0.127835782555948,0.933076189426872,0.999493043,33.90000288,12.5,"Unimodal",235,34
"T1113","2010-2015","EB-tree",-2.88619987402392,0.0459869203535655,-0.99239905352462,1.101352206,31.09887588,19.2,"U-shaped",421,51
"T1114","2010-2015","EB-tree",-3.1166579957333,0.0283023820343067,-0.50008787245763,0.999493043,51.90042694,35.7,"U-shaped",436,62
"T1115","2010-2015","EB-tree",-3.07908264892832,-0.00207086953499412,-0.717219656652668,0.999493043,33.7,16.3,"Declined",316,37
"T1116","2010-2015","EB-tree",-2.79622813795198,0.00911409206645769,-0.635839933007065,0.999493043,39.19986248,21.3,"Declined",364,63
"T1117","2010-2015","EB-tree",-2.85782765770127,0.0276379711043494,-0.500175197458633,1,42.00098948,22.3,"U-shaped",300,52
"T1118","2010-2015","EB-tree",-3.22388339990538,-0.0161236998846558,-0.314826105826821,1.200028271,38.49958073,24.1,"Declined",261,33
"T1119","2010-2015","EB-tree",-2.64325397281805,-0.0376045904415173,-0.230789732432323,1.101352206,36.39873549,15.3,"Declined",235,51
"T1120","2010-2015","EB-tree",-3.12346220220168,0.0198766908394977,-0.384526481756158,0.999493043,30.70098852,24.6,"U-shaped",321,48
"T1201","2010-2015","EB-tree",-2.23283915681419,0.0519004809319691,-0.924182359152656,0.999493043,63.70017442,49.3,"U-shaped",218,60
"T1202","2010-2015","EB-tree",-3.1269838841653,-0.0547364136588385,0.0354661377387841,0.999493043,42.00098948,13.2,"Declined",311,53
"T1203","2010-2015","EB-tree",-3.14695998062394,0.0663391962868536,-0.70242438484592,0.999493043,33.30158029,22.9,"U-shaped",326,45
"T1204","2010-2015","EB-tree",-3.38728907987698,0.0153390101062456,-0.456295069889416,0.999493043,45.49921513,34.5,"U-shaped",198,22
"T1205","2010-2015","EB-tree",-3.86077567275918,-0.0108564040663363,-0.210704275591822,0.999493043,55.70104698,21.7,"Declined",337,27
"T1206","2010-2015","EB-tree",-2.93941259391839,0.12400735108111,-1.40929637765752,0.999493043,49.3,49.3,"U-shaped",413,50
"T1207","2010-2015","DB-tree",-2.40578074670201,-0.114109675013574,-0.540332204594487,0.999493043,61.30011788,8.1,"Declined",264,47
"T1208","2010-2015","EB-tree",-5.67433415888956,-0.255654739198089,1.93023690912811,1,29.00121373,16,"Unimodal",139,10
"T1209","2010-2015","EB-tree",-2.86126536958191,0.0170326709448397,-0.474298893601791,0.999493043,55.20130046,35.3,"U-shaped",231,39
"T1210","2010-2015","EB-tree",-3.32489681178752,-0.0114270299572465,0.156277044591016,0.999493043,33.90000288,24.4,"Unimodal",203,39
"T1211","2010-2015","EB-tree",-3.56356935771489,0.0936939064321792,-0.626028805795022,0.999493043,34.60028463,31.3,"U-shaped",408,43
"T1212","2010-2015","DB-tree",-3.92910414433682,-0.0750228134824761,0.357486624944479,0.999493043,44.99946861,32.6,"Unimodal",452,46
"T1213","2010-2015","EB-tree",-3.62149968413466,0.00227114461948529,-0.0866476523592148,0.999493043,38.8,25,"U-shaped",496,59
"T1214","2010-2015","EB-tree",-3.60318085946941,-0.0313472241473637,0.0351065432258451,0.999493043,45.90028559,26.9,"Unimodal",474,56
"T1215","2010-2015","EB-tree",-3.37170595983607,0.0102938173006029,-0.166333628308711,0.999493043,36.79980594,31.8,"U-shaped",348,49
"T1216","2010-2015","EB-tree",-3.03271593441578,-0.0608868619609789,-0.506054475479029,0.999493043,38.70011596,14.1,"Declined",242,29
"T1217","2010-2015","DB-tree",-2.95704893065526,-0.0616349382943084,0.275636021018965,1,42.00098948,13.5,"Unimodal",244,58
"T1218","2010-2015","EB-tree",-3.75916869894844,-0.144797646796614,0.627077026967015,0.999493043,30.29991807,15.3,"Unimodal",279,34
"T1219","2010-2015","EB-tree",-2.86282920500513,0.0788415468952998,-0.705291458058904,0.999493043,33.60079159,32.6,"U-shaped",331,60
"T1220","2010-2015","EB-tree",-3.21953807658993,0.0305821226336456,-0.271708860191194,0.999493043,38.6014399,28.3,"U-shaped",384,61
"T1301","2010-2015","EB-tree",-3.01694947664351,0.0663880393233167,-0.965810340632619,0.999493043,52.49884953,44.3,"U-shaped",159,20
"T1302","2010-2015","DB-tree",-2.8855697172378,0.0808819384664348,-1.11572724580937,1,81.5,81.5,"U-shaped",267,35
"T1303","2010-2015","EB-tree",-3.58381858971396,-0.0455319185046573,0.172445025081747,0.999493043,54.70155394,15.6,"Unimodal",360,47
"T1304","2010-2015","EB-tree",-2.63058199614388,-0.0827225397180488,-0.555024138365325,0.999493043,54.70155394,19.1,"Declined",276,43
"T1305","2010-2015","EB-tree",-3.23882517276322,-0.00790999222222886,-0.265351789490101,0.999493043,49.29983517,30.2,"Declined",259,36
"T1306","2010-2015","EB-tree",-3.55243770467013,-0.0161957594123614,0.125883420489928,0.999493043,63.49963919,26.5,"Unimodal",225,32
"T1307","2010-2015","DB-tree",-4.30954287680608,-0.0020787391261274,0.333018203853994,0.999493043,71.99851316,30.2,"Increased",163,16
"T1308","2010-2015","EB-tree",-2.52033822765582,-0.05795739264929,-0.960919883074529,1.1,64.29859701,9.9,"Declined",314,39
"T1309","2010-2015","EB-tree",-3.30107958155419,0.0563948619285371,-0.47861825483189,0.999493043,40.49856682,28.5,"U-shaped",218,29
"T1310","2010-2015","EB-tree",-4.3175111436993,0.0650782994414053,-0.525420005511003,1,54.39915955,42.9,"U-shaped",147,8
"T1311","2010-2015","DB-tree",-3.46392206858844,-0.00689501011900736,-0.122739349703662,0.999493043,47.8,47.8,"Declined",339,43
"T1312","2010-2015","DB-tree",-3.39995135227817,0.0177880256970844,-0.812421878045178,0.999493043,48.80008865,12.7,"U-shaped",424,36
"T1313","2010-2015","DB-tree",-3.60820616189841,-0.133233899315111,0.196325868810824,0.999493043,41.59991903,11.8,"Unimodal",421,42
"T1314","2010-2015","EB-tree",-2.73230308448917,-0.134383522213572,-0.551766834854312,0.999493043,36.30005942,15.1,"Declined",356,47
"T1315","2010-2015","EB-tree",-2.59114930672637,0.107079101224051,-1.36375783827229,0.999493043,38.20036944,35,"U-shaped",312,47
"T1316","2010-2015","EB-tree",-3.329206163122,0.00162619568798565,0.179503571927022,0.999493043,45.69975036,39.2,"Increased",323,64
"T1317","2010-2015","EB-tree",-3.61699550575118,-0.042958819704058,0.319095998871222,1.2,32.49943938,30.2,"Unimodal",273,41
"T1318","2010-2015","EB-tree",-3.46170268142233,-0.0342571067190339,0.224084936275376,0.999493043,36.30005942,30,"Unimodal",282,45
"T1319","2010-2015","EB-tree",-4.25912061652327,-0.00130815663441556,0.35939044213112,0.999493043,27.80118546,27.5,"Increased",344,37
"T1320","2010-2015","EB-tree",-3.69459778529459,-0.067499407001907,0.487025707180586,0.999493043,30.70098852,25.9,"Unimodal",476,73
"T1401","2010-2015","EB-tree",-2.86110244964904,0.13464947224792,-1.74467167967879,0.999493043,63.2,63.2,"U-shaped",207,23
"T1402","2010-2015","EB-tree",-2.98396673021504,-0.118053015779934,-0.405249988365281,0.999493043,47.39952515,10.2,"Declined",160,20
"T1403","2010-2015","EB-tree",-3.44282729074342,-0.0439887270410799,0.367510491441797,1,80.50057022,22.3,"Unimodal",200,36
"T1404","2010-2015","EB-tree",-3.56212792683643,0.0294030785326639,-0.469752639753774,0.999493043,61.30011788,58.1,"U-shaped",293,30
"T1405","2010-2015","EB-tree",-4.03823052083389,-0.0658154513194142,0.45662225961446,0.999493043,60.59983613,16.1,"Unimodal",348,36
"T1406","2010-2015","DB-tree",-3.29797705864261,-0.0184457599816326,-0.33727581323798,0.999493043,66.50130142,26.4,"Declined",236,28
"T1407","2010-2015","EB-tree",-3.24784315015198,0.0979284399662599,-0.705218373592755,0.999493043,33.8,24.6,"U-shaped",216,30
"T1408","2010-2015","EB-tree",-3.08175917636688,-0.111315848747817,0.478105356555306,0.999493043,48.89876472,23.9,"Unimodal",258,56
"T1409","2010-2015","EB-tree",-2.94663445063641,0.0750854871014488,-0.740147735280593,0.999493043,32.8,28.3,"U-shaped",193,31
"T1410","2010-2015","EB-tree",-4.14888736556801,-0.000261519342105313,0.0116154447709036,0.999493043,50.20065215,39,"Unimodal",283,22
"T1411","2010-2015","EB-tree",-3.58023500483738,-0.0449364099131812,0.0543052485490247,0.999493043,28.50146721,19.9,"Unimodal",291,35
"T1412","2010-2015","DB-tree",-3.11978633502892,-0.114062848940373,-0.115288331086317,0.999493043,48.80008865,10.5,"Declined",344,45
"T1413","2010-2015","DB-tree",-2.8069091033045,-0.16504296612688,0.0242308887247228,0.999493043,40.8,11.6,"Declined",314,52
"T1414","2010-2015","EB-tree",-3.33563422564474,-0.0630109160166209,-0.220572262375485,0.999493043,39.60093294,8.4,"Declined",217,23
"T1415","2010-2015","EB-tree",-2.88262593486974,0.0419774109745889,-0.579038070911632,0.999493043,35.89898896,30,"U-shaped",375,61
"T1416","2010-2015","EB-tree",-3.57510982085253,0.0042869313032015,-0.0968412926540103,1.1,38.7,31.6,"U-shaped",304,37
"T1417","2010-2015","EB-tree",-2.60894610716973,0.089176822320537,-0.868207440068773,0.999493043,33.4,30.4,"U-shaped",294,56
"T1418","2010-2015","EB-tree",-2.7545045340118,0.044899019071829,-0.461293449330718,1.1,46.2,46.2,"U-shaped",324,71
"T1419","2010-2015","EB-tree",-3.4334544732072,-0.095479767866967,0.454586485837221,1.1,28.8006785,24.5,"Unimodal",234,39
"T1420","2010-2015","EB-tree",-2.54451495672,0.138485534626601,-1.26926581402342,1.1,25.49980498,22.6,"U-shaped",401,71
"T1501","2010-2015","DB-tree",-4.2012238713176,-0.142605742334294,0.831966715953919,1.1,49.09929994,13.7,"Unimodal",162,16
"T1502","2010-2015","EB-tree",-1.89131634040834,-0.185654389319893,0.0395712058062583,1,61.39879395,20.1,"Declined",142,46
"T1503","2010-2015","EB-tree",-2.04140180198209,0.0736699618452499,-1.24491749156663,0.999493043,59.39980786,54.4,"U-shaped",246,62
"T1504","2010-2015","EB-tree",-3.84647275501488,0.234750188527904,-1.52188300972613,0.999493043,47.8,47.8,"U-shaped",202,14
"T1505","2010-2015","EB-tree",-3.08020041168841,-0.109674887080808,0.107942116322417,1,65.60048444,15.7,"Declined",218,35
"T1506","2010-2015","EB-tree",-2.93211315374583,-0.0838292308101445,-0.100166974355853,0.999493043,38.29904551,10,"Declined",171,29
"T1507","2010-2015","DB-tree",-3.59517122551562,-0.158430398702579,0.532533247164668,0.999493043,66.19890703,16.7,"Unimodal",181,22
"T1508","2010-2015","EB-tree",-3.6099248568821,-0.104053360918699,0.393083659109588,0.999493043,51.20014519,20.6,"Unimodal",209,26
"T1509","2010-2015","DB-tree",-2.94679713775341,-0.00114695740919256,-0.437761800874944,0.999493043,55.20130046,18.5,"Declined",241,38
"T1510","2010-2015","DB-tree",-4.00502538883978,-0.0582567835228534,0.132142857794505,0.999493043,57.70003307,19.2,"Unimodal",187,15
"T1511","2010-2015","DB-tree",-3.27881378668922,0.00482917840884668,-0.37702628033587,0.999493043,46.30135604,30.6,"Declined",183,23
"T1512","2010-2015","EB-tree",-3.26320001568736,-0.328942411495342,0.700498270707147,0.999493043,40.69910205,10.5,"Unimodal",165,19
"T1513","2010-2015","EB-tree",-3.2991311490747,0.0703119613644076,-0.283734848893672,0.999493043,41.1001725,40.6,"U-shaped",174,33
"T1514","2010-2015","EB-tree",-3.32114013625056,-0.17865880225661,0.434417379324443,0.999493043,34.69896069,9.5,"Unimodal",335,47
"T1515","2010-2015","EB-tree",-3.55938016157707,-0.0855321963121534,0.45209434108097,1.1,43.70076427,34.1,"Unimodal",310,47
"T1516","2010-2015","DB-tree",-3.3458357117674,-0.095994229896881,0.421247731160376,0.999493043,41.3993838,17.5,"Unimodal",281,49
"T1517","2010-2015","EB-tree",-3.49458526400379,0.0538898186223289,-0.453122313544472,1,34.10053811,19.8,"U-shaped",295,33
"T1518","2010-2015","DB-tree",-2.77671198564609,-0.0490310296829376,0.168616294272353,0.999493043,39.49907378,28.6,"Unimodal",171,45
"T1519","2010-2015","EB-tree",-2.35362857606203,0.0166484288659131,-0.199125603090163,0.999493043,30.39859413,25.6,"U-shaped",168,58
"T1520","2010-2015","EB-tree",-3.40571711149419,-0.499927418513586,1.80170044174712,1,44.90079255,8.4,"Unimodal",233,41
"T1601","2010-2015","DB-tree",-4.48369278530967,-0.271003454437993,1.58899333221941,1.1,78.6002602,14.5,"Unimodal",123,15
"T1602","2010-2015","EB-tree",-3.25826477427113,-0.223442084930274,1.10818749730121,0.999493043,42.20152471,19.5,"Unimodal",166,37
"T1603","2010-2015","DB-tree",-2.42471003772943,-0.104969454901736,0.0167518972537424,0.999493043,82.79876759,15.4,"Declined",184,48
"T1604","2010-2015","EB-tree",-2.97873800262472,-0.140916063758376,0.0164935935514111,1,61.7998644,11.4,"Declined",237,37
"T1605","2010-2015","EB-tree",-3.99010626810071,-0.00726365442212274,-0.0960770962217061,0.999493043,62.99989267,29.4,"Declined",223,18
"T1606","2010-2015","EB-tree",-3.24331188323663,-0.686989483909465,1.735296617577,0.999493043,77.80130238,9.1,"Unimodal",158,17
"T1607","2010-2015","EB-tree",-3.33205115880084,-0.0900200399842616,0.225170693664386,0.999493043,39.699609,20.7,"Unimodal",160,23
"T1608","2010-2015","EB-tree",-4.62905619181098,-0.353765003020139,2.10050916300905,0.999493043,57.29896261,12,"Unimodal",153,17
"T1609","2010-2015","EB-tree",-3.17294942217324,-0.264569346605208,0.913508832493474,1,30.201242,9.7,"Unimodal",173,30
"T1610","2010-2015","EB-tree",-4.01281946906186,-0.339551072797692,1.26965360487345,1.1,41.00149644,8.3,"Unimodal",169,15
"T1611","2010-2015","EB-tree",-3.70670609335445,-0.255913159888302,0.886329778893349,0.999493043,56.70054003,13.7,"Unimodal",161,17
"T1612","2010-2015","EB-tree",-3.18588828439687,-0.105484582308504,-0.0178216230999557,1,43.50022905,13.8,"Declined",181,23
"T1613","2010-2015","EB-tree",-2.66952586871751,-1.07011701304555,2.13100013081665,0.999493043,43.00048252,5.1,"Unimodal",199,21
"T1614","2010-2015","DB-tree",-2.91792098850478,-0.142025122433845,0.226037838679375,0.999493043,66.80051271,10.2,"Unimodal",242,44
"T1615","2010-2015","EB-tree",-3.22215119213668,-0.519672067430224,1.65312004798946,0.999493043,38.99932726,7.2,"Unimodal",240,40
"T1616","2010-2015","EB-tree",-2.9598162913716,-0.0920215395011441,-0.109680422456803,0.999493043,44.60158125,12.7,"Declined",291,45
"T1617","2010-2015","EB-tree",-3.66663752973275,-0.0454506596124526,0.390577378072935,1.200028271,41.3993838,23.9,"Unimodal",254,39
"T1618","2010-2015","EB-tree",-2.82385235212959,-0.00495082338097744,-0.398002513866208,0.999493043,39.9988203,20.9,"Declined",274,47
"T1619","2010-2015","EB-tree",-3.71387285107787,-0.285776815327431,1.42991285874233,0.999493043,37.29955246,15.3,"Unimodal",203,34
"T1620","2010-2015","DB-tree",-3.86368595973333,0.00735910767467343,0.0254631003930336,0.999493043,43.50022905,33.7,"Increased",247,27
"T1701","2010-2015","EB-tree",-1.90630887517366,-0.705810570749557,1.43281525710411,0.999493043,40.19935553,7.8,"Unimodal",176,53
"T1702","2010-2015","EB-tree",-2.45760368877388,-0.264067904129461,1.28823826715846,1.1,54.59969478,15.8,"Unimodal",78,34
"T1703","2010-2015","DB-tree",-2.24180044798395,-0.0715058250095407,-0.0509872677940757,1,66.0015549,23.9,"Declined",100,32
"T1704","2010-2015","DB-tree",-2.37499998919811,-0.0258966617476638,-0.304125833070718,0.999493043,61.7998644,26.5,"Declined",185,50
"T1705","2010-2015","EB-tree",-2.4519614082729,-0.00238344262881112,-0.311649509169044,0.999493043,58.9987374,40.4,"Declined",194,53
"T1706","2010-2015","EB-tree",-1.85064387367146,-0.399846430173866,0.246233587236029,0.999493043,38.90065119,6.4,"Declined",250,73
"T1707","2010-2015","EB-tree",-1.72896323421543,-0.175457667180182,-0.0371289654941623,0.999493043,73.19854143,10.8,"Declined",216,89
"T1708","2010-2015","EB-tree",-2.90510797493167,0.00383138226613821,-0.552192124392471,0.999493043,80.20135892,27.4,"Declined",171,26
"T1709","2010-2015","EB-tree",-3.71801587909253,-0.0566670719737315,0.12089317784822,0.999493043,39.90014423,14.8,"Unimodal",142,15
"T1710","2010-2015","EB-tree",-3.10016188626624,-0.104329682871225,-0.00649552186817721,0.999493043,39.90014423,12.2,"Declined",151,22
"T1711","2010-2015","EB-tree",-3.52175261145064,0.044416227309087,-0.706050196172456,0.999493043,48.89876472,29.1,"U-shaped",172,16
"T1712","2010-2015","EB-tree",-2.85777805797762,-0.0921532534165418,-0.212347042597545,1.1,45.49921513,18,"Declined",178,27
"T1713","2010-2015","EB-tree",-2.17413054363981,-0.0407929191491333,-0.524996013021556,1,34.80081986,23.6,"Declined",158,40
"T1714","2010-2015","EB-tree",-2.68152946928674,0.0936881773621658,-1.27485363785635,1.1,41.30070773,35.7,"U-shaped",186,26
"T1715","2010-2015","EB-tree",-3.39277720655995,-0.111453311151111,0.0288548045711835,1.101352206,46.9984547,12.9,"Declined",262,28
"T1716","2010-2015","EB-tree",-4.57982574566674,-0.160837306866274,0.865525529799346,0.999493043,54.39915955,14.6,"Unimodal",253,17
"T1717","2010-2015","EB-tree",-2.96794062454339,0.061402015812105,-0.719188818560273,0.999493043,34.69896069,27.6,"U-shaped",287,45
"T1718","2010-2015","EB-tree",-3.30083566537604,-0.0412631616795173,-0.0297735346703748,0.999493043,48.0998069,17.1,"Declined",258,36
"T1719","2010-2015","EB-tree",-2.16367106362126,0.140891615078912,-1.52595271223857,1,40.30121469,27.9,"U-shaped",193,43
"T1720","2010-2015","EB-tree",-3.19645565941982,0.055542003753112,-0.449387013840877,0.999493043,39.19986248,29.1,"U-shaped",240,37
"T1801","2010-2015","EB-tree",-3.08941458848442,-0.305776648928468,1.00317426976416,0.999493043,44.40104602,13.8,"Unimodal",238,47
"T1802","2010-2015","EB-tree",-3.79820261532031,0.0182862129865686,0.0271041071743411,0.999493043,40.39989075,35.3,"Increased",333,40
"T1803","2010-2015","EB-tree",-3.05129743655302,-0.00734535779527821,-0.0812013756356753,0.999493043,49.00062388,22.9,"Declined",269,51
"T1804","2010-2015","EB-tree",-2.6379039341608,-0.0223697674991526,-0.725353384438086,0.999493043,49.29983517,20.1,"Declined",366,58
"T1805","2010-2015","EB-tree",-3.40550256017278,0.10241430759639,-0.855550642705524,0.999493043,45.8,45.8,"U-shaped",278,28
"T1806","2010-2015","EB-tree",-3.0417631484167,-0.0277358689331534,-0.24756893886804,1,60.19876568,16.9,"Declined",303,46
"T1807","2010-2015","EB-tree",-2.10211890404846,0.0408939627355112,-0.758762268298902,1,46.40003211,27.5,"U-shaped",266,78
"T1808","2010-2015","DB-tree",-2.51290697162894,-0.123610703300294,-0.322560952027885,1.1,66.69865355,8.1,"Declined",254,47
"T1809","2010-2015","DB-tree",-2.9682426636518,-0.120182574345175,0.260769326627882,0.999493043,46.49870817,11.8,"Unimodal",217,41
"T1810","2010-2015","DB-tree",-2.67488262306415,-0.182952498925434,0.258330278734249,0.999493043,60.50116007,14.3,"Unimodal",185,39
"T1811","2010-2015","EB-tree",-3.44046300644041,-0.268975519416691,1.1851028586102,1.200028271,47.10031386,13.4,"Unimodal",114,21
"T1812","2010-2015","EB-tree",-2.7228917899156,-0.471525844125608,0.881657785886821,0.999493043,55.50051176,8.1,"Unimodal",255,39
"T1813","2010-2015","DB-tree",-2.83906643382302,-0.138669864819662,0.128367282381076,0.999493043,47.50138432,9.1,"Declined",263,48
"T1814","2010-2015","EB-tree",-2.86863968192067,-0.437686004284539,0.641967439235408,0.999493043,49.79958169,7.7,"Unimodal",243,30
"T1815","2010-2015","DB-tree",-3.25912624222533,0.0535936982048997,-1.02039325338598,1.1,53.30099044,33.3,"U-shaped",179,15
"T1816","2010-2015","EB-tree",-3.27591515940167,-0.299587004819551,1.28184037705966,0.999493043,43.20101775,15.3,"Unimodal",167,34
"T1817","2010-2015","DB-tree",-4.0094719660142,-0.165492248137235,0.774377358266037,0.999493043,53.50152567,18.5,"Unimodal",241,24
"T1818","2010-2015","EB-tree",-2.50765428916365,-0.206701332780909,0.0344969003833211,0.999493043,43.9012995,10.7,"Declined",323,67
"T1819","2010-2015","EB-tree",-2.52454174424505,0.0598979841059083,-0.910784613169968,1,50.00011692,33.1,"U-shaped",196,39
"T1820","2010-2015","EB-tree",-3.39705740310067,0.040338187738887,-0.0842687251248243,1.1,35.00135508,34.1,"U-shaped",204,37
"T1901","2010-2015","EB-tree",-4.20899788667862,0.0268877628026957,0.0587395160908562,0.999493043,54.30048348,23.2,"Increased",305,27
"T1902","2010-2015","EB-tree",-4.3460745900904,-0.0199868499984117,0.33741302191855,0.999493043,54.39915955,39,"Unimodal",353,29
"T1903","2010-2015","EB-tree",-3.49638353201957,-0.000750300312144282,-0.268349192406974,0.999493043,50.49986344,20.1,"Declined",328,37
"T1904","2010-2015","DB-tree",-2.38226469830578,0.0659162735262177,-1.30356978688289,0.999493043,53.19913128,33.1,"U-shaped",397,61
"T1905","2010-2015","EB-tree",-2.34942141504096,0.0879036162352023,-1.07537222192458,0.999493043,45.3,45.3,"U-shaped",296,61
"T1906","2010-2015","EB-tree",-4.4083770329729,-0.287126998568042,1.42956658852752,0.999493043,49.09929994,13.6,"Unimodal",194,18
"T1907","2010-2015","DB-tree",-4.2791765039476,-0.0292866563356794,0.449654508482245,0.999493043,50.09879299,45,"Unimodal",284,28
"T1908","2010-2015","EB-tree",-3.82763657315003,-0.00988219310042316,0.0666038467242413,1.1,55.90158221,30.4,"Unimodal",230,25
"T1909","2010-2015","EB-tree",-4.27381649199235,0.0338493298882232,-0.399011622514268,0.999493043,56.70054003,27.9,"U-shaped",240,13
"T1910","2010-2015","EB-tree",-2.69689461524146,-0.0309187447419891,-0.267614355687114,0.999493043,38.49958073,17.6,"Declined",125,24
"T1911","2010-2015","EB-tree",-2.78818563953585,-0.701197996271783,1.53780847237405,0.999493043,39.699609,8.6,"Unimodal",203,30
"T1912","2010-2015","EB-tree",-3.28580909630269,-0.0887348898481807,0.188195164778935,1.1,40.89963728,16.6,"Unimodal",122,18
"T1913","2010-2015","EB-tree",-4.80694266384258,-0.710710734201752,3.26835947652687,1,42.09966555,8.3,"Unimodal",271,30
"T1914","2010-2015","EB-tree",-3.06040855463295,-0.273500181124698,0.465847382901066,0.999493043,49.00062388,10.3,"Unimodal",188,24
"T1915","2010-2015","DB-tree",-1.94828006029257,0.0358241650707935,-1.49392052589562,0.999493043,50.00011692,23,"U-shaped",123,24
"T1916","2010-2015","DB-tree",-2.4856968007515,-0.5518582121269,0.743659616645333,0.999493043,73.70147105,7,"Unimodal",154,18
"T1917","2010-2015","DB-tree",-2.86062140587009,0.0309959662306762,-0.574062843330947,1.1,55.7,55.7,"U-shaped",181,28
"T1918","2010-2015","EB-tree",-2.8596005460172,-0.00208480693532468,-0.364377063694517,1.200028271,45.49921513,36.9,"Declined",163,27
"T1919","2010-2015","EB-tree",-3.8751825499436,-0.0756638081951486,0.445804299967307,0.999493043,38.6014399,25.5,"Unimodal",207,24
"T1920","2010-2015","EB-tree",-3.6337387575216,-0.22404767061944,0.822529314493742,1.101352206,40.1,20.8,"Unimodal",226,27
"T2001","2010-2015","DB-tree",-4.25587816056453,-0.0114306682466596,0.326493870515127,0.999493043,79.59975324,21.9,"Unimodal",356,34
"T2002","2010-2015","EB-tree",-3.87607929829428,0.0117669796643474,-0.0397833460369601,0.999493043,39.5,39.5,"U-shaped",273,28
"T2003","2010-2015","EB-tree",-4.60094675098778,-0.103190490090802,1.01710947304707,0.999493043,36.59927071,20.8,"Unimodal",269,25
"T2004","2010-2015","EB-tree",-3.17706577451984,0.040421583400979,-0.659454960193419,0.999493043,63.3,35.8,"U-shaped",296,38
"T2005","2010-2015","EB-tree",-4.00599266441427,0.0364078430383833,-0.322229913049188,0.999493043,44.60158125,27.4,"U-shaped",285,22
"T2006","2010-2015","DB-tree",-4.28926978930472,-0.12969353914716,0.643299546550927,0.999493043,59.19927263,15.9,"Unimodal",305,24
"T2007","2010-2015","EB-tree",-3.38324810903722,0.0513587906610007,-0.560736780761887,0.999493043,37.40141163,24.8,"U-shaped",304,36
"T2008","2010-2015","DB-tree",-2.92916080068483,-0.21813837398857,0.0584729424404053,1,46.10082082,12.2,"Declined",334,45
"T2009","2010-2015","EB-tree",-3.9095683015757,-0.113552090773625,0.00676125988384335,0.999493043,54.09994826,9.1,"Declined",336,23
"T2010","2010-2015","EB-tree",-3.84831680076819,-0.0904979026184775,0.771677415059297,0.999493043,36.20138336,24.5,"Unimodal",285,47
"T2011","2010-2015","EB-tree",-3.39117071739212,-0.150389635134013,0.592741990214076,0.999493043,40.89963728,22.4,"Unimodal",181,28
"T2012","2010-2015","DB-tree",-2.74493857659156,0.043341120070415,-0.959348103985364,1,38.20036944,17.4,"U-shaped",142,18
"T2013","2010-2015","EB-tree",-3.98380887322519,-0.136571557750827,0.386057788984737,1,54.70155394,16.2,"Unimodal",80,6
"T2014","2010-2015","EB-tree",-3.49465648583258,-0.342664155090318,1.35729981864583,0.999493043,39.49907378,12.1,"Unimodal",110,17
"T2015","2010-2015","EB-tree",-2.84520179597761,-0.103427597208609,0.223652862236815,1.1,46.19949688,22.8,"Unimodal",131,28
"T2016","2010-2015","DB-tree",-3.19803814276402,-0.157322155315558,0.644038306476502,0.999493043,60.19876568,26.5,"Unimodal",122,23
"T2017","2010-2015","EB-tree",-2.52377456363036,-0.0642030929935279,-0.0329213052656554,0.999493043,67.8,25.5,"Declined",182,48
"T2018","2010-2015","EB-tree",-3.18931770959851,-0.0504364067869848,-0.414694091362978,0.999493043,51.90042694,20.4,"Declined",114,11
"T2019","2010-2015","DB-tree",-2.60037521380829,-0.085885654204223,-0.288840802504602,1.1,40.10067946,11.6,"Declined",160,27
"T2020","2010-2015","DB-tree",-1.61066517738859,0.0558949889090198,-1.00235876217936,1.3,42,42,"U-shaped",64,19
"T2101","2010-2015","EB-tree",-3.4920297233685,-0.0651370499691244,0.147435742788363,0.999493043,45.79842642,22,"Unimodal",328,42
"T2102","2010-2015","EB-tree",-3.73993437213869,0.0208950944087451,-0.331256030635478,0.999493043,33.80132681,26.5,"U-shaped",243,22
"T2103","2010-2015","EB-tree",-3.13328492931645,0.0353182685397884,-0.346969412866231,0.999493043,35.10003115,28.2,"U-shaped",205,34
"T2104","2010-2015","EB-tree",-4.57599199668284,-0.0119184726618363,0.480393976158651,0.999493043,41.1,27.5,"Unimodal",281,24
"T2105","2010-2015","EB-tree",-4.53225993586273,-0.113239682928977,0.907374710549507,0.999493043,49.00062388,20.4,"Unimodal",308,26
"T2106","2010-2015","EB-tree",-3.79216272705348,0.00487919162915082,-0.149971834283063,0.999493043,41.50124296,23.6,"U-shaped",323,31
"T2107","2010-2015","EB-tree",-3.40005067188633,0.0564604221612137,-0.782938313324995,1,41.00149644,23.9,"U-shaped",353,35
"T2108","2010-2015","EB-tree",-3.08089033526159,0.0630002593675605,-0.69273004622563,0.999493043,37.5,37.5,"U-shaped",397,55
"T2109","2010-2015","EB-tree",-3.19150763154305,-0.0272992429814952,-0.413482003803054,0.999493043,40.30121469,24.5,"Declined",415,50
"T2110","2010-2015","EB-tree",-3.20572234441708,0.0321864685756708,-0.559398060176734,0.999493043,36.20138336,36.2,"U-shaped",343,42
"T2111","2010-2015","EB-tree",-2.85821464238803,-0.445699381791255,0.464939195877356,0.999493043,39.19986248,6.6,"Unimodal",198,20
"T2112","2010-2015","EB-tree",-2.90641061715499,-0.0713532776901937,-0.0314202619087143,1,34.60028463,12.7,"Declined",224,40
"T2113","2010-2015","EB-tree",-2.79166366932311,-0.175305326652094,0.532276449870805,1,35.69845374,22.3,"Unimodal",124,28
"T2114","2010-2015","EB-tree",-2.50391967860045,-0.21934954559907,0.31125243589418,0.999493043,64.69966747,11.5,"Unimodal",242,55
"T2115","2010-2015","EB-tree",-2.04879650420758,0.0610837898967143,-0.990006711532232,0.999493043,35.69845374,28.1,"U-shaped",166,43
"T2116","2010-2015","EB-tree",-2.25341644931611,-0.0174716890397975,-0.896395981446956,1,47.1,27.7,"Declined",184,33
"T2117","2010-2015","EB-tree",-2.40582086815926,0.0531776175078275,-0.84056653185723,0.999493043,41.1,26.7,"U-shaped",321,70
"T2118","2010-2015","EB-tree",-2.4242194553015,0.0650512959518805,-0.896566850712078,0.999493043,36.89848201,33.8,"U-shaped",239,54
"T2119","2010-2015","EB-tree",-3.17065641883847,0.106786000967171,-0.845052494060202,0.999493043,33.6,33.6,"U-shaped",265,36
"T2120","2010-2015","DB-tree",-1.9496069905126,-0.811137178751639,1.97772681184582,0.999493043,62.40147009,5.9,"Unimodal",85,21
"T2201","2010-2015","EB-tree",-3.1649389149012,0.0784135625646456,-1.22966593666499,0.999493043,52.49884953,30.5,"U-shaped",312,30
"T2202","2010-2015","EB-tree",-2.90353771410766,0.25405823457513,-2.50712208922107,1,37.70062292,29.2,"U-shaped",363,31
"T2203","2010-2015","EB-tree",-3.76451256220409,-0.327000214616188,0.689773701597671,1.1,44.9,11.8,"Unimodal",313,23
"T2204","2010-2015","EB-tree",-3.39585012179523,-0.0490677449856145,-0.180001449164946,1.1,38.90065119,22.5,"Declined",329,37
"T2205","2010-2015","EB-tree",-4.66110097370194,-0.295235516306271,1.17250647068176,0.999493043,49.5003704,11.9,"Unimodal",254,13
"T2206","2010-2015","EB-tree",-4.1050616182144,-0.00507040466456337,0.0588537125929774,0.999493043,37.50008769,25,"Unimodal",269,23
"T2207","2010-2015","EB-tree",-3.5466241349758,0.0810055010676318,-0.771990910886013,1.1,31.79915763,23.9,"U-shaped",344,32
"T2208","2010-2015","EB-tree",-3.33540671413852,-0.0747388539780003,-0.0953234865376763,0.999493043,49.29983517,16.6,"Declined",371,45
"T2209","2010-2015","EB-tree",-3.2474956538307,0.0652727970624316,-0.64595697635474,1.1,42.00098948,39.1,"U-shaped",407,50
"T2210","2010-2015","EB-tree",-3.90359729143113,0.0145012623962993,-0.296387810242139,0.999493043,32.79865067,25.5,"U-shaped",381,30
"T2211","2010-2015","EB-tree",-2.08809543770931,-4.99432227746369,12.989398583094,0.999493043,46.30135604,4.5,"Unimodal",225,24
"T2212","2010-2015","EB-tree",-2.57629131308807,-0.188739466922714,0.123010590242725,1,43.20101775,9.7,"Declined",224,45
"T2213","2010-2015","EB-tree",-2.96749543839606,-0.112367480170681,-0.0613510912414999,1.1,60.30062484,12.2,"Declined",207,29
"T2214","2010-2015","EB-tree",-2.58947921016229,-0.466508525737743,0.791193223807084,1.1,29.19856586,6.7,"Unimodal",180,30
"T2215","2010-2015","EB-tree",-2.42610153336386,-0.0171338599619052,-0.602577735455492,0.999493043,33.10104506,28.9,"Declined",180,34
"T2216","2010-2015","DB-tree",-2.17183280396465,0.00731438532066589,-0.749471180764784,0.999493043,39.29853855,32.4,"Declined",182,40
"T2217","2010-2015","DB-tree",-2.35142496369195,-0.297864284100853,0.0888647288107914,1.1,49.00062388,12.8,"Declined",178,28
"T2218","2010-2015","EB-tree",-2.2828285221209,0.0286649914784759,-0.943186952119447,0.999493043,35.69845374,22.9,"U-shaped",175,33
"T2219","2010-2015","EB-tree",-2.75475825964993,-0.080493696395863,-0.1060255272323,0.999493043,38.40090467,19.7,"Declined",208,39
"T2220","2010-2015","DB-tree",-1.48786435864944,0.051706577709469,-1.05744478336748,1,37.99983421,33.6,"U-shaped",75,23
"T2301","2010-2015","EB-tree",-3.43067726978601,0.000571758070291008,-0.378269471264236,1.1,67.30025924,26.8,"Declined",274,30
"T2302","2010-2015","EB-tree",-5.35159370573892,-0.0563398351669185,0.891561894769751,0.999493043,36.59927071,27.7,"Unimodal",258,14
"T2303","2010-2015","EB-tree",-3.24080349615537,0.018464867998829,-0.176293704762956,0.999493043,64.6009914,54.7,"U-shaped",310,52
"T2304","2010-2015","EB-tree",-4.75399708989727,-0.13121660423121,1.11422795494962,0.999493043,42.70127123,19.7,"Unimodal",212,17
"T2305","2010-2015","EB-tree",-3.99178282425709,-0.00817584488293382,0.13839811441286,0.999493043,58.60085005,31.8,"Unimodal",346,34
"T2306","2010-2015","EB-tree",-3.67520025267222,0.153977770048568,-1.14060543206102,0.999493043,38.79879203,36.3,"U-shaped",445,37
"T2307","2010-2015","EB-tree",-5.61032127506276,-0.134413281519883,1.62140427520507,1.101352206,38.40090467,30.7,"Unimodal",327,25
"T2308","2010-2015","DB-tree",-3.67096455868453,-0.252436258448838,0.956654634655548,1.1,38.49958073,25.8,"Unimodal",367,47
"T2309","2010-2015","DB-tree",-3.63435159726208,0.0306123760662652,-0.392921336461202,0.999493043,46.80110257,24.8,"U-shaped",326,32
"T2310","2010-2015","EB-tree",-2.76188738831892,0.162656748222735,-1.85300710689608,0.999493043,48.4,35.2,"U-shaped",297,39
"T2311","2010-2015","DB-tree",-2.52247673838402,-0.59579746772671,1.23235742185304,1.1,41.1,6.5,"Unimodal",161,26
"T2312","2010-2015","EB-tree",-4.71886281037439,-0.140790386596994,0.907842333121791,0.999493043,38.99932726,23.2,"Unimodal",165,10
"T2313","2010-2015","EB-tree",-2.62349966040506,-0.672942590001782,2.02438205201408,1,57.09842738,11.4,"Unimodal",176,38
"T2314","2010-2015","EB-tree",-2.42595184708681,-0.222521058195766,0.00334302744228185,1,35.19870721,7.4,"Declined",289,53
"T2315","2010-2015","EB-tree",-2.39563005381502,-0.0515887956476189,-0.387465650224843,1.1,56.00025828,19.5,"Declined",137,27
"T2316","2010-2015","DB-tree",0.214114629293359,-2.33326690827169,4.84552456379646,1.1,45.49921513,4.2,"Unimodal",104,58
"T2317","2010-2015","DB-tree",-2.61581647090521,-0.383172161872309,0.071659674825609,1.298704336,41.50124296,5.8,"Declined",82,8
"T2318","2010-2015","DB-tree",-1.69625781153508,-0.690615966536807,1.840980852579,1.101352206,57.09842738,6.5,"Unimodal",54,20
"T2319","2010-2015","DB-tree",1.10688288657845,-2.74040449601484,4.56150666335776,1.2,26.49929802,4.8,"Unimodal",84,41
"T2320","2010-2015","DB-tree",-2.75925292011661,-0.0435144719846656,-0.652388570674923,1,39.90014423,11.2,"Declined",106,14
"T2401","2010-2015","EB-tree",-3.99566322163119,-0.12643033073502,0.582542163128806,0.999493043,37.09901723,17.9,"Unimodal",285,28
"T2402","2010-2015","EB-tree",-4.296404767849,-0.192921688783423,1.1555821882592,0.999493043,43.09915859,13.1,"Unimodal",264,29
"T2403","2010-2015","EB-tree",-4.09558985467493,-0.0292427751824181,0.463082560850738,1,48.80008865,23.8,"Unimodal",362,41
"T2404","2010-2015","EB-tree",-3.3424932938656,0.125545699072764,-1.95988030021092,0.999493043,51.99910301,21.9,"U-shaped",288,18
"T2405","2010-2015","DB-tree",-3.31627250310733,-0.124490481087344,0.0695896241300514,0.999493043,36.30005942,12.3,"Declined",307,37
"T2406","2010-2015","EB-tree",-4.12439110168378,-0.028465465678423,0.270852657792237,1.1,35.30056638,25.5,"Unimodal",356,33
"T2407","2010-2015","DB-tree",-3.6137292951378,-0.0533011042976617,-0.0538709438955887,0.999493043,39.29853855,19,"Declined",380,38
"T2408","2010-2015","DB-tree",-2.91134164830339,0.0220180206767572,-0.960647038717602,0.999493043,41.3993838,18.1,"Declined",248,28
"T2409","2010-2015","EB-tree",-4.04988487669393,-0.0329785301628228,0.302026985217162,0.999493043,42.30020077,29.3,"Unimodal",390,39
"T2410","2010-2015","EB-tree",-3.72335329058093,0.00239228524396009,-0.465537559764953,0.999493043,44.60158125,18.8,"Declined",319,25
"T2411","2010-2015","EB-tree",-4.39087529243801,-0.0557732299169927,0.448329723860772,0.999493043,38.99932726,32.7,"Unimodal",274,21
"T2412","2010-2015","EB-tree",-4.44742603311087,-0.105061945072982,0.622874250098478,0.999493043,39.90014423,18.8,"Unimodal",212,15
"T2413","2010-2015","EB-tree",-3.10082763947429,-0.170086681985265,0.4366120848421,0.999493043,32.20022809,15.1,"Unimodal",207,33
"T2414","2010-2015","DB-tree",-2.59911474656696,0.0620445524472173,-1.04406182834506,0.999493043,43.1,43.1,"U-shaped",211,31
"T2415","2010-2015","DB-tree",-3.29732419179255,-0.439106824559808,1.70197693343486,1.1,65.30127315,9.5,"Unimodal",172,34
"T2416","2010-2015","DB-tree",-0.932681510012389,-0.480397615049404,0.354793825115517,1.1,63.09856874,12.5,"Declined",163,71
"T2417","2010-2015","DB-tree",-7.14255955164233,-1.2872683604692,7.29430533957619,1,62.99989267,9.9,"Unimodal",51,10
"T2418","2010-2015","DB-tree",-1.73834792574789,0.0471292589680992,-1.0538716647906,1,64.40045617,43.4,"U-shaped",69,17
"T2419","2010-2015","DB-tree",-1.39967390417581,0.118618582447118,-1.64156725209547,1.101352206,37.90115815,37.6,"U-shaped",120,38
"T2420","2010-2015","EB-tree",-2.57678954148853,-0.156952689066856,0.0747574858660784,1.200028271,40.30121469,13.7,"Declined",186,32
"T2501","2010-2015","EB-tree",-3.0443061207834,0.0732697810404347,-1.06926571649153,0.999493043,51.60121565,23.8,"U-shaped",238,29
"T2502","2010-2015","EB-tree",-3.27337915980858,-0.0234074788273112,0.0341651110300064,0.999493043,54.39915955,21,"Unimodal",234,39
"T2503","2010-2015","DB-tree",-3.67318498065395,-0.0110833686610412,0.158459027140633,0.999493043,81.70059849,35.5,"Unimodal",304,41
"T2504","2010-2015","EB-tree",-4.34222848359866,-0.0315505317118877,0.623815955663934,0.999493043,37.90115815,27.6,"Unimodal",173,20
"T2505","2010-2015","EB-tree",-3.6865662158638,0.0064089292623319,-0.287186287851658,1,58.69952611,17.4,"U-shaped",230,21
"T2506","2010-2015","EB-tree",-2.99556880593316,-0.0253206180767766,-0.359016136044993,1.1,36.39873549,16.7,"Declined",253,37
"T2507","2010-2015","EB-tree",-3.70986919693327,0.0404579193526409,-0.249331223585884,1,37.70062292,19.3,"U-shaped",372,40
"T2508","2010-2015","DB-tree",-3.85030021287818,-0.172860536504646,0.77837617249081,0.999493043,46.40003211,16.9,"Unimodal",331,39
"T2509","2010-2015","EB-tree",-4.16467780588565,-0.165453406355247,0.921568048625928,0.999493043,35.00135508,19.4,"Unimodal",370,39
"T2510","2010-2015","EB-tree",-4.22587624198417,0.0285572641201101,0.079970629399133,0.999493043,38.49958073,31.6,"Increased",417,37
"T2511","2010-2015","EB-tree",-3.61761305353456,0.000627553536747852,-0.184489637789102,0.999493043,44.60158125,23.6,"Declined",388,43
"T2512","2010-2015","EB-tree",-3.12861352838007,0.0434446798392069,-0.731836866076405,1.1,38.8,38.8,"U-shaped",378,48
"T2513","2010-2015","EB-tree",-2.97455363076925,-0.0723738195484124,-0.143078024817245,0.999493043,29.80017154,24,"Declined",276,41
"T2514","2010-2015","DB-tree",-2.79551391915713,-0.0673534622083572,-0.418810597846917,0.999493043,31.99969286,15.8,"Declined",283,37
"T2515","2010-2015","DB-tree",-3.17440458876527,-0.16952714448963,0.205530339961887,1,36.00084813,13.5,"Unimodal",145,17
"T2516","2010-2015","DB-tree",-3.2002729943844,-0.746990738246009,2.82945993489223,1.1,36.30005942,15.6,"Unimodal",167,36
"T2517","2010-2015","DB-tree",-3.55590987919982,-0.119398227710769,0.798899696130863,0.999493043,46.80110257,27.7,"Unimodal",93,18
"T2518","2010-2015","DB-tree",-1.63900969302284,-0.229352548862935,-0.757618854447726,1.1,60.00141355,9.9,"Declined",74,12
"T2519","2010-2015","DB-tree",-6.50815035811585,-0.0816179449748323,1.61382935217494,1.101352206,53.19913128,25.8,"Unimodal",106,9
"T2520","2010-2015","DB-tree",-3.11641306082699,-1.03471063354763,3.2555662739224,0.999493043,34.10053811,6.9,"Unimodal",110,17
"T0101","2015-2020","EB-tree",-2.97816848219542,0.0673469780046098,-0.556399000912062,0.986760647,57.39127248,57.39127248,"U-shaped",313,55
"T0102","2015-2020","EB-tree",-2.64712789680049,0.108965643497161,-1.20714553686407,0.986760647,38.1016933761997,26.61070648,"U-shaped",302,51
"T0103","2015-2020","EB-tree",-3.6809226268804,0.0241757116525793,-0.141760288536147,0.999493042617103,41.3007077323468,26.7,"U-shaped",271,32
"T0104","2015-2020","EB-tree",-3.43160565364682,-0.024637223220656,-0.205888172989005,0.986760647169751,50.6112719032227,25.8149317695054,"Declined",265,29
"T0105","2015-2020","EB-tree",-1.98204232732377,0.030567476104638,-0.733181164714072,0.999493042617103,46.1994968807154,24.5,"U-shaped",409,137
"T0106","2015-2020","EB-tree",-3.18733086354402,-0.11494138951887,0.608656937430728,0.999493042617103,36.3987354851165,28.5,"Unimodal",415,89
"T0107","2015-2020","EB-tree",-3.14269600209869,0.0316444755168311,-0.409684678690523,0.986760647,43.6084544071793,36.09634109,"U-shaped",280,42
"T0108","2015-2020","EB-tree",-3.45951576976712,-0.0343475390835369,-0.270534089656778,0.986760647,35.014087480217,16.90225496,"Declined",214,21
"T0109","2015-2020","EB-tree",-2.47724189732231,0.0822086770435603,-1.70455780016011,0.986760647169751,49.210708404014,23.80957949,"U-shaped",307,41
"T0110","2015-2020","EB-tree",-2.83140426225129,0.0660920007132323,-0.615281548813581,0.999493042617103,44.30001447,44.30001447,"U-shaped",377,75
"T0111","2015-2020","EB-tree",-3.50866998570046,-0.00400978634307331,0.0424961744021375,0.986760647,35.5870452753478,20.59464964,"Unimodal",330,48
"T0112","2015-2020","EB-tree",-2.59041113340652,-0.0159598753020134,-0.0224246514226022,0.986760647169751,34.8867635257435,21.48591732,"Declined",354,104
"T0113","2015-2020","EB-tree",-2.43607980546012,-0.124541594439834,0.0953193996852582,0.999493042617103,23.0010723756407,10.69999956,"Declined",473,135
"T0114","2015-2020","EB-tree",-2.4790158546172,0.0821844162643284,-1.06029807994691,0.795774715459477,37.5923975583057,24.28704432,"U-shaped",727,163
"T0115","2015-2020","EB-tree",-2.18281545480416,-0.0857073115083287,-0.749923520153606,0.986760647,40.2980315908679,11.30000096,"Declined",626,159
"T0116","2015-2020","EB-tree",-2.37540330704786,0.0200062663622312,-0.85702532889647,0.986760647,37.11493272903,23.2047907,"Declined",590,142
"T0117","2015-2020","EB-tree",-2.91673249561609,0.00861175259017801,-0.5083933289303,0.986760647,27.6929600979898,21.61324127,"Declined",657,110
"T0118","2015-2020","EB-tree",-2.79864538751905,0.053063523039526,-0.650705848860943,0.986760647,27.0881713142406,15.91549431,"U-shaped",709,129
"T0119","2015-2020","EB-tree",-2.50301888686583,-0.0530081351014535,-0.509347640231875,0.986760647,22.7909878507594,13.68732511,"Declined",907,196
"T0120","2015-2020","EB-tree",-2.0063581636595,6.88471945246277e-05,-1.05582237736864,0.986760647,21.9952131352999,12.28676161,"Declined",1038,305
"T0201","2015-2020","EB-tree",-3.0836211527599,-0.101784757952627,0.763070873316267,0.986760647169751,48.6059196202648,33.80450991,"Unimodal",300,84
"T0202","2015-2020","EB-tree",-3.95437402296342,0.0134356216230903,0.204380743007071,0.999493042617103,47.1989899233325,36.49998986,"Increased",285,36
"T0203","2015-2020","EB-tree",-2.87108518851489,0.0106508767620141,-0.513938793733543,0.986760647,55.0994412984142,19.09859317,"U-shaped",408,71
"T0204","2015-2020","EB-tree",-3.29022029808274,0.0820478660738921,-0.630786263248463,0.986760647,38.1016933761997,37.59239756,"U-shaped",330,44
"T0205","2015-2020","EB-tree",-2.47026965487749,-0.0246611638677409,-0.0685838153311965,0.999493042617103,69.4011044846519,28.70000027,"Declined",226,67
"T0206","2015-2020","EB-tree",-3.14789523277347,-0.0623486797453676,0.0671771876269227,1.100000026,43.7994403388896,16.90000132,"Declined",322,53
"T0207","2015-2020","EB-tree",-3.03169982619564,0.117784008826163,-1.00712356328087,0.986760647,42.1123979421155,35.8098622,"U-shaped",453,67
"T0208","2015-2020","EB-tree",-2.36622919279917,0.104191302988021,-1.21890069369377,0.999493042617103,37.4014116265954,23.89999859,"U-shaped",432,91
"T0209","2015-2020","EB-tree",-2.28529950303713,0.0625647713389947,-1.42191357094264,0.999493042617103,49.2011591074285,14.89999983,"U-shaped",280,53
"T0210","2015-2020","EB-tree",-2.63744102007596,-0.143932974377013,0.61346557203273,1.1,33.4002563572652,14.8,"Unimodal",267,85
"T0211","2015-2020","EB-tree",-2.61112216629148,0.0518711994840874,-0.55402506127082,0.986760647,35.20507341,35.20507341,"U-shaped",282,65
"T0212","2015-2020","EB-tree",-2.21831193111784,0.0850809317999195,-1.31220085693268,0.986760647,39.4067639095533,27.08817131,"U-shaped",537,125
"T0213","2015-2020","EB-tree",-2.44758870904791,0.0109725985010209,-0.857846307420562,0.986760647,48.4149336885546,25.30563595,"Declined",637,138
"T0214","2015-2020","EB-tree",-2.1046392237596,0.0290655959381853,-0.892618927985076,0.986760647,42.908172657575,18.39831142,"U-shaped",626,189
"T0215","2015-2020","EB-tree",-2.51905997825139,0.0284586725000985,-0.755990196318784,0.986760647,37.6878905241608,13.59183214,"U-shaped",593,135
"T0216","2015-2020","EB-tree",-2.15783150709552,0.00759971070968201,-0.865384851425506,0.986760647,38.1971863420549,15.31070553,"Declined",862,261
"T0217","2015-2020","EB-tree",-2.65872185041892,0.0397368077898193,-0.593557219822759,0.999493042617103,30.7009885224266,23.30000037,"U-shaped",661,151
"T0218","2015-2020","EB-tree",-3.25302683883512,-0.101490958131358,0.104974392743143,0.999493042617103,28.8993545666264,14.29999843,"Unimodal",578,80
"T0219","2015-2020","EB-tree",-2.48011077457205,0.0715945636308459,-0.974760910731512,0.999493042617103,24.3984527759876,15.20000053,"U-shaped",627,134
"T0220","2015-2020","EB-tree",-1.74317100412091,0.0151537088159676,-0.63655492962038,0.999493042617103,29.3991010879349,17.90000048,"Declined",722,317
"T0301","2015-2020","EB-tree",-2.05613261413554,0.0603478873048683,-0.942686526269139,0.999493042617103,51.299999,51.299999,"U-shaped",258,72
"T0302","2015-2020","EB-tree",-2.65652933467306,0.020831920405431,-0.58572825652088,0.986760647,41.6985950900766,40.99831334,"U-shaped",248,45
"T0303","2015-2020","EB-tree",-3.23596784559374,0.0881799695920796,-0.896866214946057,0.999493042617103,46.8997786303197,23.50000084,"U-shaped",362,43
"T0304","2015-2020","DB-tree",-2.71885115667378,-0.0343392280195735,-0.407870767310557,0.999493042617103,61.3987939459914,16.90000132,"Declined",409,78
"T0305","2015-2020","EB-tree",-2.02975149338521,-0.129183338788518,0.202170659660931,1.100000026,48.8000886508369,18.20000118,"Unimodal",291,113
"T0306","2015-2020","EB-tree",-2.31987741220196,0.0341000387846536,-0.614329323882808,0.999493042617103,51.1014691279458,26.10000055,"U-shaped",390,101
"T0307","2015-2020","DB-tree",-1.88612572825003,0.0687763111952134,-1.01012197034935,0.999493042617103,46.9984546950367,43.50000623,"U-shaped",418,141
"T0308","2015-2020","EB-tree",-2.44348405173104,0.000242945025853997,-0.570350204555987,1.11408460164327,36.7011298769911,26.2923966,"Declined",254,59
"T0309","2015-2020","EB-tree",-2.13787758796589,-0.0326754318958441,-0.929779945743563,0.986760647169751,34.6957775940332,13.30535324,"Declined",208,50
"T0310","2015-2020","EB-tree",-2.83011876056893,0.0771861083334725,-1.12512711168591,0.999493042617103,42.0009894819512,12.70000105,"U-shaped",544,79
"T0311","2015-2020","EB-tree",-3.11312095039602,-0.0254482381552672,-0.246965467642803,0.986760647,53.1895819813114,30.99999928,"Declined",433,65
"T0312","2015-2020","EB-tree",-2.3247546891633,-0.0252709384395221,-0.666824008739369,0.999493042617103,54.8002300054014,17.59999978,"Declined",543,136
"T0313","2015-2020","EB-tree",-2.85863193312771,0.0713461845439785,-1.02388034402784,0.999493042617103,44.2005107954812,27.90000158,"U-shaped",620,98
"T0314","2015-2020","EB-tree",-2.53687546154946,-0.0475423860341172,-0.59142167078912,0.999493042617103,32.9005098359566,11.69999871,"Declined",732,154
"T0315","2015-2020","EB-tree",-2.24656462636693,0.0544402175653044,-0.871289229230821,0.999493042617103,36.3987354851165,13.3999995,"U-shaped",838,242
"T0316","2015-2020","EB-tree",-2.60098826935362,-0.0399346183483965,-0.536655707204221,0.999493042617103,40.6004259827425,13.29999927,"Declined",521,110
"T0317","2015-2020","EB-tree",-2.69677539583669,-0.0170159853076415,-0.379873056227528,0.999493042617103,38.7987920269422,15.69999852,"Declined",595,128
"T0318","2015-2020","EB-tree",-2.2398555708255,-0.0479172883589784,-0.548291392108999,0.999493042617103,32.499439379365,15.50000123,"Declined",343,87
"T0319","2015-2020","EB-tree",-2.22792505855745,-0.210655030904765,-0.0232457466119645,0.999493042617103,21.3999736481362,9.199999232,"Declined",411,101
"T0320","2015-2020","EB-tree",-2.95385145095598,0.0451492189125905,-0.597939869453755,0.999493042617103,28.3009319806008,17.00000156,"U-shaped",616,106
"T0401","2015-2020","DB-tree",-1.76601956473585,-0.111930462208056,-0.408372576931003,1.11408460164327,63.4073293278111,13.40084621,"Declined",173,61
"T0402","2015-2020","EB-tree",-2.90529509854608,-0.056346590895719,0.0665819354790532,1.100000026,64.2985970091257,20.70000066,"Unimodal",240,50
"T0403","2015-2020","EB-tree",-2.44249406094261,-0.108779112512969,0.189335418094202,0.999493042617103,47.3995251516283,25.69999962,"Unimodal",240,70
"T0404","2015-2020","EB-tree",-0.958525859958358,-0.00482423988617617,-0.613874448852067,1.11408460164327,31.5126787321953,26.38788956,"Declined",249,161
"T0405","2015-2020","EB-tree",-1.22125667333992,0.0542624331180161,-1.3058229317855,1.100000026,57.400821775523,37.4999922,"U-shaped",211,80
"T0406","2015-2020","EB-tree",-2.13880616388155,-0.0518984522282899,-0.161452411801695,0.986760647169751,50.0064831194735,22.18619907,"Declined",319,106
"T0407","2015-2020","EB-tree",-2.03365729301673,-0.290744914817608,-0.17675147288393,0.999493042617103,44.0986516319024,10.90000002,"Declined",215,44
"T0408","2015-2020","DB-tree",-2.33230029169734,-0.00541290124111489,-0.391783921822375,0.999493042617103,48.8987647155539,45.6997503594068,"Declined",249,72
"T0409","2015-2020","DB-tree",-2.77017783439751,0.0324189994294205,-0.730275906486324,0.999493042617103,48.1984829659496,18.30000141,"U-shaped",249,42
"T0410","2015-2020","EB-tree",-2.93559899389548,0.00688802581021014,-0.30729383316397,0.999493042617103,59.8008783173488,15.1000003,"U-shaped",462,86
"T0411","2015-2020","EB-tree",-2.96112588999895,0.0221240840418641,-0.364751470739849,0.999493042617103,46.6992434020239,21.1,"U-shaped",403,75
"T0412","2015-2020","EB-tree",-2.60202901483385,-0.0972134530390951,-0.112477955921792,0.999493042617103,43.7007642741726,9.800000635,"Declined",289,65
"T0413","2015-2020","EB-tree",-2.15088339183999,0.0047663730120543,-0.512280269436904,0.999493042617103,39.69999098,39.69999098,"Declined",302,95
"T0414","2015-2020","EB-tree",-2.72135365607522,0.0132757196787175,-0.599628193594679,0.999493042617103,46.1008208159984,16.40000015,"U-shaped",285,53
"T0415","2015-2020","DB-tree",-2.59740355420903,-0.0918377001770188,0.189813367896535,0.999493042617103,40.8009612110383,15.79999875,"Unimodal",367,104
"T0416","2015-2020","DB-tree",-2.73480231847281,-0.0527917029112862,-0.190975314542414,0.999493042617103,44.9994686098025,22.20000098,"Declined",346,75
"T0417","2015-2020","EB-tree",-2.98285475180753,-0.0568844632889036,-0.145160674073907,0.986760647,43.4015529811599,16.29999992,"Declined",370,66
"T0418","2015-2020","EB-tree",-3.13151804988022,-0.14175940653557,0.286879624116577,0.999493042617103,36.799805941708,20.19999949,"Unimodal",378,63
"T0419","2015-2020","EB-tree",-2.1882816810242,-0.0533244511977804,-0.929197626804782,0.999493042617103,30.0007067728223,13.80000044,"Declined",640,142
"T0420","2015-2020","EB-tree",-2.62104518544213,0.0800352049543873,-1.23838982805129,0.999493042617103,24.2011006465536,16.90000132,"U-shaped",761,123
"T0501","2015-2020","EB-tree",-1.90839839632389,-0.156961218335591,-1.12096645190656,0.986760647,43.0991585892853,6.398028712,"Declined",197,37
"T0502","2015-2020","EB-tree",-2.11338759481278,-0.119913402913868,-0.384151558379637,0.999493042617103,32.6012985429438,14.59999913,"Declined",226,54
"T0503","2015-2020","DB-tree",-1.19504010687515,-0.137768133732093,0.0137198965930654,1.100000026,86.5993876351621,24.09999906,"Declined",172,100
"T0504","2015-2020","EB-tree",-1.19777082798106,-0.0276908139291196,-0.0152365902340914,1.100000026,40.3012146897297,23.20000014,"Declined",196,145
"T0505","2015-2020","DB-tree",-2.16073490945754,0.0287302961913193,-0.684585547344187,1.100000026,61.3987939459914,25.49999915,"U-shaped",208,57
"T0506","2015-2020","EB-tree",-2.21850906966459,-0.0386215588344752,-0.0607610810836071,0.999493042617103,56.2994695693271,23.50000084,"Declined",254,90
"T0507","2015-2020","EB-tree",-1.9992714522632,0.12520194215693,-1.54758711942244,0.999493042617103,46.9984546950367,33.00001351,"U-shaped",489,127
"T0508","2015-2020","EB-tree",-2.42442031008866,-0.0882747804013908,-0.277338298258352,0.999493042617103,33.6994676502779,18.00000071,"Declined",276,65
"T0509","2015-2020","EB-tree",-2.04003667618511,-0.360045659474905,0.11454971578911,0.999493042617103,39.1998624835338,7.49999844,"Declined",272,67
"T0510","2015-2020","DB-tree",-2.42278323292819,-0.056618078877216,-0.277498547677183,0.986760647,60.797188261104,9.994930426,"Declined",342,90
"T0511","2015-2020","EB-tree",-1.95810724686182,-0.597941220464482,0.749304052036678,0.986760647,50.802257834933,5.602253997,"Unimodal",296,74
"T0512","2015-2020","EB-tree",-2.34846315422868,0.0325134508838113,-0.668574822975444,1.11408460164327,44.7862009860593,22.50450895,"U-shaped",452,111
"T0513","2015-2020","EB-tree",-2.71064850315067,-0.0122669264102462,-0.088469981726355,0.986760647,37.6878905241608,27.6929601,"Declined",441,112
"T0514","2015-2020","EB-tree",-2.28097761643892,0.0465667813242998,-0.964424563617907,0.986760647,41.4121161925112,23.01380477,"U-shaped",683,179
"T0515","2015-2020","EB-tree",-2.57861403266925,0.146983552978668,-1.48506338003798,0.986760647,38.1971863420549,32.59493235,"U-shaped",658,127
"T0516","2015-2020","EB-tree",-2.82737348679366,0.094146164778743,-0.711737000269682,0.986760647,35.8098622,35.8098622,"U-shaped",505,108
"T0517","2015-2020","EB-tree",-2.38094023707887,0.004612827132114,-0.369368563695604,0.986760647,32.913242231404,19.51239602,"Declined",477,145
"T0518","2015-2020","EB-tree",-2.58569029064499,-0.0173265067873269,-0.565182505027572,0.986760647,32.6904253110753,17.9,"Declined",338,70
"T0519","2015-2020","EB-tree",-2.29049255147443,-0.0310757759661647,-0.528084054381405,0.986760647,31.3853547777218,25.91042474,"Declined",360,86
"T0520","2015-2020","EB-tree",-2.48944197250839,-0.0344836542929331,-0.615242619134013,0.999493042617103,27.4987910674177,14.2,"Declined",647,131
"T0601","2015-2020","DB-tree",-1.40434841995611,-0.052554852961597,0.117120212800508,1.00000011,56.7005400259186,27.99999863,"Unimodal",154,103
"T0602","2015-2020","EB-tree",-2.00878644508031,0.00840964856549981,-0.306611069557955,0.999493042617103,51.4006804209585,19.30000057,"U-shaped",368,152
"T0603","2015-2020","EB-tree",-1.12148228866289,-3.26725571979641,5.83723336973714,0.999493042617103,45.1013277733813,3.000000012,"Unimodal",293,25
"T0604","2015-2020","EB-tree",-3.37859981324781,0.00302559469959223,-0.118871860893998,0.999493042617103,54.5996947771056,24.19999929,"U-shaped",360,52
"T0605","2015-2020","EB-tree",-3.09046594256957,0.130649101996606,-0.65615364106189,0.999493042617103,28.100396752305,24.29999953,"U-shaped",327,60
"T0606","2015-2020","EB-tree",-2.87628074830252,0.0285970401105688,-0.414554919284997,0.999493042617103,40.8996372757553,25.49999915,"U-shaped",334,58
"T0607","2015-2020","EB-tree",-3.24413054856818,0.0382592039341485,-0.659428862764353,0.986760647,38.1971863420549,27.4064812,"U-shaped",228,25
"T0608","2015-2020","EB-tree",-3.21185725701068,-0.0248897846265079,-0.293688007480595,0.986760647169751,55.003948332559,23.2047907,"Declined",309,40
"T0609","2015-2020","EB-tree",-2.8490426989621,-0.0567957123223313,0.0131453902891061,0.999493042617103,57.0984273836484,19.89999879,"Declined",373,80
"T0610","2015-2020","EB-tree",-2.50965325167106,0.089986811600806,-1.1960878708466,0.999493042617103,41.5012429606426,27.70000111,"U-shaped",360,60
"T0611","2015-2020","EB-tree",-2.4078724054746,-0.0453469733945217,-0.17205778835679,0.999493042617103,46.3013560442942,17.70000001,"Declined",351,99
"T0612","2015-2020","EB-tree",-3.25416021139507,0.00752039672688727,-0.274042951572898,1.10135220619592,38.9006511905211,34.99998635,"U-shaped",301,42
"T0613","2015-2020","EB-tree",-2.52822543659763,0.0287849776361199,-0.648304261048832,0.999493042617103,29.7014954798095,28.7,"U-shaped",384,89
"T0614","2015-2020","EB-tree",-2.16313468876273,0.0254595922066666,-1.01671635538591,0.999493042617103,55.9015822115973,14.5,"U-shaped",456,114
"T0615","2015-2020","EB-tree",-3.04057523997872,0.0206209337685117,-0.385986703180205,0.999493042617103,30.7,30.7,"U-shaped",426,72
"T0616","2015-2020","EB-tree",-2.36460422381048,-0.127478673183446,-0.349557455589978,0.999493042617103,39.1998624835338,14.4,"Declined",561,130
"T0617","2015-2020","EB-tree",-2.14756553846886,0.0177696357432621,-1.09346490002558,0.999493042617103,26.6998332530964,15,"Declined",523,109
"T0618","2015-2020","EB-tree",-2.19788107876809,-0.035443547211696,-0.559276709793863,0.999493042617103,29.0012137302052,24.7,"Declined",546,157
"T0619","2015-2020","EB-tree",-2.25032590505705,-0.0460626935090384,-0.55765180536226,0.999493042617103,32.7986506723778,15.8,"Declined",536,137
"T0620","2015-2020","EB-tree",-2.25472694494291,-0.397371798959722,0.489645360414025,0.999493042617103,29.8988476092435,8.700000001,"Unimodal",496,112
"T0701","2015-2020","EB-tree",-2.48077033157609,0.00860869088340503,-0.463813198431224,1.11408460164327,44.4042291226388,22.18619907,"Declined",283,66
"T0702","2015-2020","EB-tree",-3.46176249695703,-0.013105385233739,-0.204844858612917,0.986760647169751,47.8101449048054,19.00310021,"Declined",380,45
"T0703","2015-2020","EB-tree",-3.22548307426029,0.0917481342334093,-0.99457813778332,0.986760647169751,48.8923985178302,26.80169242,"U-shaped",427,50
"T0704","2015-2020","EB-tree",-3.18746099811401,0.0392012210978556,-1.07553532932337,0.986760647,44.4997220884939,15.50169146,"U-shaped",375,38
"T0705","2015-2020","EB-tree",-2.34903697497873,0.143995815392237,-1.54184992018596,0.986760647,42.8126796917199,35.49155231,"U-shaped",483,99
"T0706","2015-2020","EB-tree",-3.41285281602265,-0.0473136508640491,0.137714222672454,1.11408460164327,37.4969045924505,30.90788995,"Unimodal",243,35
"T0707","2015-2020","EB-tree",-2.99619546119151,-0.160755550202655,0.299171141203539,0.986760647169751,37.6878905241608,11.90478974,"Unimodal",252,39
"T0708","2015-2020","EB-tree",-2.50569039790944,0.0687017003734181,-1.00182944806495,1.11408460164327,41.6031021242214,25.49662188,"U-shaped",342,53
"T0709","2015-2020","EB-tree",-3.04221256946766,-0.0512291811462793,-0.290294924099984,0.986760647,41.8895810217869,14.51493081,"Declined",289,35
"T0710","2015-2020","EB-tree",-2.90217797633827,-0.121275088648869,0.336738366772661,1.01859163578813,33.9000028785737,17.98450857,"Unimodal",314,67
"T0711","2015-2020","EB-tree",-3.07762451416471,0.00849754601904552,-0.285448570605574,0.986760647169751,33.4862000265348,29.79380535,"Declined",420,70
"T0712","2015-2020","EB-tree",-3.231656747978,-0.149118292703777,0.401093524837001,0.999493042617103,37.5987637560294,18.39999846,"Unimodal",417,66
"T0713","2015-2020","EB-tree",-2.67538439398859,-0.00893838664469516,-0.703840917045678,0.999493042617103,39.4990737765466,17.70000001,"Declined",455,86
"T0714","2015-2020","EB-tree",-2.33402095916991,-0.0744111200328152,-0.599215906686452,0.999493042617103,41.5012429606426,13.19999904,"Declined",437,89
"T0715","2015-2020","EB-tree",-2.04300685065234,0.114910338274691,-1.4738793168898,0.999493042617103,23.5008188969493,18.99999987,"U-shaped",638,150
"T0716","2015-2020","EB-tree",-2.47496875445691,-0.0132624646054078,-0.805107039861531,0.999493042617103,32.9991859006736,15.1000003,"Declined",574,106
"T0717","2015-2020","EB-tree",-2.47399084420441,0.00581695888201662,-0.814529135003015,0.999493042617103,25.29999868,25.29999868,"Declined",565,100
"T0718","2015-2020","EB-tree",-2.48424031963255,-0.207665046294518,-0.358836417783238,0.999493042617103,24.9013823961579,8.600001012,"Declined",793,118
"T0719","2015-2020","EB-tree",-2.28636250420764,-0.0151223898405029,-0.764516828696676,0.999493042617103,28.8006785019094,15.1000003,"Declined",540,127
"T0720","2015-2020","EB-tree",-2.2363500360318,-0.115314751580671,-0.478598906089264,0.999493042617103,34.698960692895,14.69999936,"Declined",657,149
"T0801","2015-2020","EB-tree",-2.72562790410421,0.00193081886807393,-0.365880549419472,0.999493042617103,40.8009612110383,22.30000122,"Declined",268,54
"T0802","2015-2020","EB-tree",-2.87997350420974,0.126716468970191,-1.55107276990951,1.100000026,37.2008763982996,25.69999962,"U-shaped",196,19
"T0803","2015-2020","EB-tree",-4.13082732895916,-0.0729707906492315,0.506541094760884,0.999493042617103,58.6008500464359,24.29999953,"Unimodal",233,22
"T0804","2015-2020","EB-tree",-4.12277210695394,-0.0751075664863729,0.759266634198268,0.999493042617103,48.8000886508369,23.89999859,"Unimodal",280,35
"T0805","2015-2020","EB-tree",-3.63319620567004,-0.0506934568083956,0.3389511431207,0.986760647169751,52.7121171520357,26.70619945,"Unimodal",180,25
"T0806","2015-2020","EB-tree",-3.66444236831278,-0.126698401954679,0.767113135373528,0.986760647169751,47.7146519389502,19.51239602,"Unimodal",179,27
"T0807","2015-2020","EB-tree",-4.13750605935382,-0.248503082918796,1.69548606916718,0.986760647,45.9002855877026,23.80957949,"Unimodal",262,49
"T0808","2015-2020","EB-tree",-2.6594197669175,0.048869289358613,-0.751730571095011,0.986760647,38.1971863420549,23.10929774,"U-shaped",344,68
"T0809","2015-2020","EB-tree",-1.9937843008252,0.0680835111670855,-1.25431592366845,0.986760647,38.29267930791,32.30845345,"U-shaped",211,46
"T0810","2015-2020","EB-tree",-2.21518947427273,-0.19428762217547,-0.136686949831442,0.999493042617103,34.1992141715865,12.40000035,"Declined",357,77
"T0811","2015-2020","EB-tree",-2.43229853047954,0.00481254099852793,-0.698184623914693,0.999493042617103,27.4987910674177,16.09999945,"Declined",509,118
"T0812","2015-2020","EB-tree",-1.89321638285982,0.0310671618804225,-1.60608779123715,0.999493042617103,33.6007915855609,16.60000062,"Declined",726,183
"T0813","2015-2020","EB-tree",-1.92540378540806,0.0340454055690766,-1.46675101790961,0.999493042617103,49.0992999438497,10.29999862,"U-shaped",634,159
"T0814","2015-2020","EB-tree",-2.42177213871168,-0.0242806791316638,-0.383356906742086,0.999493042617103,33.8013268138567,22.20000098,"Declined",448,118
"T0815","2015-2020","EB-tree",-2.10384412009334,0.0695150102943866,-1.3029260033765,0.999493042617103,47.698736444641,35.70001345,"U-shaped",539,130
"T0816","2015-2020","EB-tree",-2.31861693632952,0.0518237376338074,-1.09397205848847,1.00000011,25.900875438775,11.99999941,"U-shaped",553,105
"T0817","2015-2020","EB-tree",-2.26951736689426,0.0543549269094841,-0.958669104171939,0.999493042617103,32.6012985429438,20.19999949,"U-shaped",585,135
"T0818","2015-2020","EB-tree",-2.15892642754169,-0.132160445783884,-0.55157087956387,0.999493042617103,23.3989597333705,21.8,"Declined",828,201
"T0819","2015-2020","EB-tree",-2.08900405234756,-0.053842480471015,-0.72148185737823,0.999493042617103,23.898706254679,20.6,"Declined",889,241
"T0820","2015-2020","EB-tree",-2.14325283073083,-0.0597233324853198,-0.75741794595715,1,42.3002007749639,14.1,"Declined",882,190
"T0901","2015-2020","EB-tree",-2.64417381771115,0.0175285628516181,-0.804249439351888,0.986760647169751,62.7070475782068,26.70619945,"U-shaped",212,33
"T0902","2015-2020","EB-tree",-2.61921554208402,0.152935902357521,-1.5775346333416,1.11408460164327,36.41465098,36.41465098,"U-shaped",265,37
"T0903","2015-2020","EB-tree",-3.64761946651207,0.0238866512073219,-0.360801221631396,0.986760647169751,40.9028203746171,24.79634013,"U-shaped",229,22
"T0904","2015-2020","EB-tree",-3.4893585394813,0.0869691430839156,-0.850048016576337,0.986760647,41.985073987642,34.88676353,"U-shaped",339,32
"T0905","2015-2020","EB-tree",-3.00061653732537,0.161905127058329,-1.44756568423012,0.986760647,56.30901887,56.30901887,"U-shaped",289,35
"T0906","2015-2020","EB-tree",-3.33213983487848,0.0535750972516588,-0.693968371014991,0.986760647,45.4864827356637,22.79098785,"U-shaped",307,35
"T0907","2015-2020","EB-tree",-2.55068102347992,-0.048531554171159,0.256025085099319,0.986760647,39.5977498412636,27.59746713,"Unimodal",265,90
"T0908","2015-2020","EB-tree",-2.69503985026016,0.047430928206472,-0.466576297930997,0.986760647169751,40.4890175225782,36.28732702,"U-shaped",339,77
"T0909","2015-2020","EB-tree",-3.38385822857229,-0.10788556545715,0.185961141330198,0.986760647,43.8949333047447,13.11436731,"Unimodal",273,34
"T0910","2015-2020","EB-tree",-3.20404134560478,-0.142995375592364,0.0857464426050345,0.999493042617103,34.4984254645992,13.19999904,"Declined",286,34
"T0911","2015-2020","EB-tree",-2.01816841493525,-0.0279294988677284,-0.562370533740006,0.999493042617103,36.3987354851165,22.00000052,"Declined",311,92
"T0912","2015-2020","EB-tree",-2.70901904999786,-0.0513316340155217,-0.0854537316420164,0.999493042617103,33.6994676502779,19.60000127,"Declined",397,89
"T0913","2015-2020","EB-tree",-2.22988222987956,0.0255881885026218,-0.951014273698013,0.999493042617103,33.9000028785737,16.90000132,"Declined",513,124
"T0914","2015-2020","EB-tree",-2.0220066993259,-0.529365364684251,0.629929740289177,0.999493042617103,31.0001998154394,9.099998998,"Unimodal",575,135
"T0915","2015-2020","EB-tree",-1.96736785270672,0.00582246557917247,-0.770044493996142,0.999493042617103,36.5005946486953,30.40000106,"Declined",486,156
"T0916","2015-2020","EB-tree",-1.85649205362077,0.0927096150065209,-1.27122334306337,0.999493042617103,39.1998624835338,33.29998874,"U-shaped",557,174
"T0917","2015-2020","EB-tree",-2.03330060188855,-0.228026784617798,-0.0479941238437227,0.986760647169751,28.297748881739,10.59971921,"Declined",413,112
"T0918","2015-2020","EB-tree",-2.22089632913841,0.051393126602355,-0.883242275661632,1.11408460164327,29.4118334833823,16.80676199,"U-shaped",451,103
"T0919","2015-2020","EB-tree",-3.00264011007179,-0.00394030670804275,-0.313663144756152,0.986760647,21.6132412718794,17.79352264,"Declined",664,111
"T0920","2015-2020","EB-tree",-2.30536658668017,0.00334150485245288,-0.701381991849715,0.999493042617103,21.600508876432,14.2,"Declined",692,163
"T1001","2015-2020","EB-tree",-2.92670361414236,-0.144856767840727,-0.125243350955211,0.986760647,63.5028222936662,9.994930426,"Declined",221,28
"T1002","2015-2020","EB-tree",-3.28660880195816,0.0573538400726651,-0.506115719533825,0.986760647,41.985073987642,27.50197417,"U-shaped",302,41
"T1003","2015-2020","EB-tree",-3.51432334327689,0.111444986799977,-0.824618118215034,1.11408460164327,38.0062004103446,33.10422816,"U-shaped",213,22
"T1004","2015-2020","EB-tree",-3.02503557058968,0.0675105632631608,-0.67431080327462,1.11408460164327,48.287609734081,41.41211619,"U-shaped",227,35
"T1005","2015-2020","EB-tree",-2.03183563283254,-0.0626319104890796,0.155430483017028,1.11408460164327,43.3856374868507,33.19972113,"Unimodal",259,116
"T1006","2015-2020","EB-tree",-2.12231805760994,0.0622370018148083,-0.939256622374633,0.986760647,54.494652514665,25.8149317695054,"U-shaped",229,61
"T1007","2015-2020","EB-tree",-2.72249177961968,-0.0405952116557348,-0.166816256967602,0.986760647169751,47.5873279844767,19.00310021,"Declined",264,54
"T1008","2015-2020","EB-tree",-2.7321721968458,-0.0113978719044055,-0.642563367940811,0.986760647169751,43.7039473730345,21.99521314,"Declined",277,44
"T1009","2015-2020","EB-tree",-2.77500295620699,0.0199653797762596,-0.932522538076806,0.986760647,47.7146519389502,18.58929735,"U-shaped",255,33
"T1010","2015-2020","DB-tree",-2.57888953011631,-0.00982522541639569,-0.184143617356805,0.999493042617103,39.9001442331382,31.40000022,"Declined",302,79
"T1011","2015-2020","DB-tree",-3.46047282326118,0.0173469001629187,-0.226961037435628,0.999493042617103,46.4987081737281,26.00000032,"U-shaped",270,34
"T1012","2015-2020","EB-tree",-2.8820319294862,0.0365945638419996,-0.667169225760802,0.999493042617103,36.5005946486953,29.1000012,"U-shaped",451,80
"T1013","2015-2020","DB-tree",-2.42869477319303,0.0146614624848674,-0.546983255165493,0.999493042617103,43.7007642741726,40.60001218,"U-shaped",442,105
"T1014","2015-2020","EB-tree",-2.48072175085895,-0.00831535524486151,-0.412473422509132,0.999493042617103,47.3995251516283,35.79999459,"Declined",536,133
"T1015","2015-2020","EB-tree",-2.89891760400261,0.025160090703521,-0.54464776717937,0.999493042617103,38.99999571,38.99999571,"U-shaped",598,104
"T1016","2015-2020","EB-tree",-2.61782782312828,-0.0853552192805852,-0.743057740159,0.999493042617103,44.0986516319024,11.40000119,"Declined",584,92
"T1017","2015-2020","EB-tree",-2.86372760750443,-0.00119014191711372,-0.297068464188089,1.00000011,37.5000876913124,30.10000036,"Declined",464,90
"T1018","2015-2020","EB-tree",-2.41300724756496,-0.0394824106200569,-0.375557782076986,0.986760647,34.1864817761391,19.60788899,"Declined",574,145
"T1019","2015-2020","EB-tree",-1.89027553254821,0.00869560163101394,-1.24820399063113,0.986760647,35.014087480217,10.31324031,"Declined",775,216
"T1020","2015-2020","EB-tree",-1.9574795473376,0.00927709255102729,-0.949519430241913,0.986760647,28.297748881739,12.79605742,"Declined",471,135
"T1101","2015-2020","EB-tree",-2.60791456748401,0.0179857367017715,-0.843213336169662,0.986760647,64.0121181115603,17.50704374,"U-shaped",323,57
"T1102","2015-2020","EB-tree",-2.90135347608638,0.0858662133851384,-0.724355944142175,0.986760647,40.99831334,40.99831334,"U-shaped",329,56
"T1103","2015-2020","EB-tree",-2.77619965039198,0.0167717105946821,-0.688316917010379,0.986760647,34.3138057306126,21.00845249,"Declined",301,49
"T1104","2015-2020","EB-tree",-2.21387749947706,0.0366078714021388,-0.502505360222457,0.986760647,41.1892992721825,33.90000288,"U-shaped",265,85
"T1105","2015-2020","EB-tree",-2.26824560803967,0.133944792948592,-1.08369490201152,0.986760647169751,30.2076081988417,20.6901426,"U-shaped",182,45
"T1106","2015-2020","EB-tree",-3.04666855228715,0.00813816546382227,-0.385449838211239,1.11408460164327,57.2957795130823,24.00056542,"U-shaped",233,35
"T1107","2015-2020","DB-tree",-3.29003503692964,0.0148079123408993,-0.229618673270653,1.01859163578813,39.5022568754084,37.11493273,"U-shaped",231,33
"T1108","2015-2020","EB-tree",-2.90944660940745,-0.0364551671285904,-0.0911857064451527,1.11408460164327,37.11493272903,26.89718538,"Declined",189,36
"T1109","2015-2020","EB-tree",-2.04552715672421,-0.164911351991645,-0.394157545781213,0.986760647,47.4918350186216,9.612958563,"Declined",248,58
"T1110","2015-2020","EB-tree",-2.5183401154575,-0.0538537144101596,-0.243357184374325,1.114084602,44.3087361567837,13.91014203,"Declined",272,61
"T1111","2015-2020","EB-tree",-3.14031652241505,-0.0396016009770632,-0.247279251525303,0.986760647169751,52.4893002317071,16.4884521,"Declined",339,47
"T1112","2015-2020","EB-tree",-3.01519245961633,0.0509429968056723,-0.300071358251961,0.986760647,34.090988810284,27.4064812,"U-shaped",318,64
"T1113","2015-2020","EB-tree",-2.16736963682756,0.102166253328203,-1.46523703833372,0.986760647,33.7090169468634,24.00056542,"U-shaped",530,114
"T1114","2015-2020","EB-tree",-2.26967677331744,0.0975816694525765,-1.53634224691399,0.986760647,54.3036665829547,33.0087352,"U-shaped",527,95
"T1115","2015-2020","EB-tree",-1.93262013763257,0.0344668728624633,-0.835842796493947,0.986760647,38.8019751258041,34.50479166,"U-shaped",588,205
"T1116","2015-2020","EB-tree",-2.29234928647272,-9.83953261797113e-05,-0.801043393523843,0.986760647,42.4943698055361,19.51239602,"Declined",602,152
"T1117","2015-2020","EB-tree",-3.03191769716689,-0.0179700730499125,-0.0901943598083962,1.11408460164327,43.3856374868507,22.79098785,"Declined",439,82
"T1118","2015-2020","EB-tree",-2.321997575572,-0.0395845447376284,-0.608527514497942,0.986760647169751,38.7064821599489,16.61577606,"Declined",502,117
"T1119","2015-2020","EB-tree",-2.06575519920416,0.0828635938701686,-1.23425640943847,0.986760647,39.3112709436981,27.31098823,"U-shaped",608,167
"T1120","2015-2020","EB-tree",-2.23096655031465,0.1046637774167,-1.30353974585556,0.986760647,32.2129604817996,21.48591732,"U-shaped",694,168
"T1201","2015-2020","EB-tree",-2.2001160726439,-0.0756437063179977,-1.03360555668478,1.11408460164327,65.0943717245852,13.81464906,"Declined",189,33
"T1202","2015-2020","EB-tree",-1.94366520587107,-0.0997493642166841,-0.433354066196338,0.986760647169751,42.3033838738258,12.89155039,"Declined",283,78
"T1203","2015-2020","EB-tree",-2.83084563738448,-0.0881274485509297,0.0621111914693853,0.986760647169751,34.090988810284,22.40901599,"Declined",341,71
"T1204","2015-2020","EB-tree",-3.20773943773275,0.0229607268421937,-0.430617927369951,0.986760647,47.2053561210562,25.40112892,"U-shaped",236,33
"T1205","2015-2020","EB-tree",-3.23691586532541,0.0698289161684775,-0.927161950791368,0.986760647,55.0994412984142,51.88451145,"U-shaped",388,41
"T1206","2015-2020","EB-tree",-2.1910131174718,0.136174144478718,-1.92808116015282,0.986760647,50.2929620170389,27.91577702,"U-shaped",446,76
"T1207","2015-2020","DB-tree",-2.60928849838498,0.0364574561215528,-0.931141744118708,1.11408460164327,60.9881741928143,36.79662284,"U-shaped",264,43
"T1208","2015-2020","EB-tree",-3.3449553087297,-0.128303532962078,0.28427589691478,0.986760647169751,28.9025376654882,15.78817035,"Unimodal",145,18
"T1209","2015-2020","EB-tree",-3.23239460714232,-0.0857325076281773,0.338440382047602,1.11408460164327,51.8845114479579,14.70591674,"Unimodal",262,49
"T1210","2015-2020","EB-tree",-3.61644455127885,-0.0864148904002968,0.581182098220774,0.986760647169751,37.4969045924505,15.50169146,"Unimodal",194,33
"T1211","2015-2020","EB-tree",-2.71101214730824,0.0603452032472767,-0.561154555257914,0.986760647,35.1095804460721,13.11436731,"U-shaped",430,91
"T1212","2015-2020","DB-tree",-2.85966632027753,0.00808835091963853,-0.701965037270825,0.986760647,46.186764485268,23.39577663,"Declined",468,66
"T1213","2015-2020","EB-tree",-2.4898365335822,0.0971646083574058,-1.01824827627414,0.986760647,40.9028203746171,37.21042569,"U-shaped",567,122
"T1214","2015-2020","EB-tree",-2.78018677415923,0.0013800710891687,-0.583438169070929,1.11408460164327,48.7969055519751,37.11493273,"Declined",469,77
"T1215","2015-2020","EB-tree",-1.86590587303454,0.0162928617234229,-0.564812615567423,1.11408460164327,40.7118344429068,32.08563653,"U-shaped",409,153
"T1216","2015-2020","EB-tree",-2.85234962530294,-0.0556321956994201,-0.059941854745782,0.986760647169751,41.0938063063274,26.19690363,"Declined",355,72
"T1217","2015-2020","DB-tree",-2.37688257848026,-0.0236373129805964,-0.347011058387818,1.11408460164327,42.3033838738258,14.29211389,"Declined",380,105
"T1218","2015-2020","EB-tree",-2.65616891948623,0.00714878647239113,-0.43571014163971,1.11408460164327,30.398594130552,20.21267777,"Declined",382,80
"T1219","2015-2020","EB-tree",-2.38028116303939,0.141098752275779,-1.4991349884851,1.11408460164327,30.398594130552,21.70873424,"U-shaped",534,107
"T1220","2015-2020","EB-tree",-2.11935681375165,-0.00662477133612526,-1.04371926816982,0.986760647169751,39.5022568754084,18.49380439,"Declined",584,132
"T1301","2015-2020","EB-tree",-1.78109287103666,-0.209753699592615,-0.0137144648381602,0.986760647169751,53.2850749471666,10.31324031,"Declined",171,57
"T1302","2015-2020","EB-tree",-2.8564583039431,-0.0579215305873672,-0.304488667872026,0.986760647,62.1022587944576,13.40084621,"Declined",308,51
"T1303","2015-2020","EB-tree",-2.92431511426889,0.0272332331829204,-0.593366744947722,0.986760647,55.7042300821634,24.6053542,"U-shaped",404,66
"T1304","2015-2020","EB-tree",-2.89786504455095,0.0782453343569692,-0.760423167405437,0.986760647169751,55.5132441504531,51.1842297,"U-shaped",310,52
"T1305","2015-2020","EB-tree",-2.49117966481726,0.0852101073629526,-1.68841461915152,0.986760647,53.7943707650606,14.29211389,"U-shaped",299,39
"T1306","2015-2020","EB-tree",-2.98602745722499,0.0743913342902295,-1.18501011893083,0.999493042617103,65.8996957366302,30.6,"U-shaped",270,33
"T1307","2015-2020","DB-tree",-2.36512031513451,0.0463215133776839,-0.938649604640494,1.1,73.1985414268245,32.70000001,"U-shaped",213,42
"T1308","2015-2020","EB-tree",-1.84171701730128,-0.400802828413773,0.361612269015236,1.11408460164327,67.1952169733982,10.79070514,"Declined",363,93
"T1309","2015-2020","EB-tree",-3.87758925944009,0.0480243653446429,-0.288739632437553,0.986760647169751,40.5845104884333,25.30563595,"U-shaped",229,21
"T1310","2015-2020","EB-tree",-1.89086625192084,-0.045600104042582,-0.571633319247312,0.986760647169751,54.3991595488098,17.69802967,"Declined",183,56
"T1311","2015-2020","DB-tree",-2.78131032361494,0.0133884420760874,-0.664718326051485,0.986760647169751,46.3140884397415,18.39831142,"Declined",357,57
"T1312","2015-2020","DB-tree",-2.71434904608543,0.0564970558214476,-1.02951056440845,0.986760647,48.4149336885546,34.31380573,"U-shaped",478,74
"T1313","2015-2020","DB-tree",-2.08909774081502,-0.429870760275323,-0.0185435328587888,1.11408460164327,43.3856374868507,6.302535746,"Declined",425,74
"T1314","2015-2020","EB-tree",-2.19337420792644,0.0515293415655533,-0.92801804148055,0.986760647169751,35.4915523094927,21.19943842,"U-shaped",391,97
"T1315","2015-2020","EB-tree",-2.34754672134816,0.0329894677549728,-0.835477480144454,0.986760647169751,39.5977498412636,27.4064812,"U-shaped",360,81
"T1316","2015-2020","EB-tree",-2.74641841967388,0.0262041267022731,-0.404711908185898,1.11408460164327,50.0064831194735,45.10451087,"U-shaped",418,91
"T1317","2015-2020","EB-tree",-2.62841529205914,-0.0425329945458111,-0.272346711180024,0.986760647,33.1042281631142,14.19662092,"Declined",516,120
"T1318","2015-2020","EB-tree",-2.3693107451001,0.0604647434412546,-1.07632748199153,0.986760647,38.8019751258041,19.79887492,"U-shaped",507,110
"T1319","2015-2020","EB-tree",-2.73289092382557,0.0760397220259202,-0.986419199534382,0.986760647,28.2022559158839,19.0031002051723,"U-shaped",607,99
"T1320","2015-2020","EB-tree",-2.86301931273412,-0.0421418502022454,-0.314267159906018,0.986760647,32.0856365273261,15.59718442,"Declined",699,124
"T1401","2015-2020","EB-tree",-1.70671086496597,-0.0572763545597505,-1.58868929022965,0.986760647,50.0064831194735,8.085071109,"Declined",252,56
"T1402","2015-2020","EB-tree",-2.4358003660697,-0.00313434245421447,-0.489021134851002,0.986760647,48.9878914836854,21.61324127,"Declined",176,43
"T1403","2015-2020","EB-tree",-1.20737632098309,-0.0139376166277458,-0.228632505542261,1.100000026,81.7005984867936,43.89999443,"Declined",220,146
"T1404","2015-2020","EB-tree",-2.47670791099079,0.0876279547013383,-1.10960641575299,0.999493042617103,63.4000082,63.4000082,"U-shaped",334,67
"T1405","2015-2020","EB-tree",-2.12533713201769,0.0628975649873863,-1.93879078942378,0.986760647,63.1845124074825,14.89690267,"U-shaped",373,56
"T1406","2015-2020","DB-tree",-3.11753172771049,-0.0207554271100442,-0.601451593009644,0.986760647169751,62.0067658286024,21.8042272,"Declined",269,31
"T1407","2015-2020","EB-tree",-2.62308003655878,0.0868929304777534,-0.474922511593425,1.11408460164327,33.0087352,33.0087352,"U-shaped",233,64
"T1408","2015-2020","EB-tree",-2.39738595477739,0.0246416197571479,-0.660683379947737,0.986760647,48.1921167682259,29.60281942,"U-shaped",258,61
"T1409","2015-2020","EB-tree",-2.19285731440526,0.136408689444075,-1.10029037378488,0.986760647,32.91324223,32.91324223,"U-shaped",261,76
"T1410","2015-2020","EB-tree",-2.65405775452693,0.102000444879342,-1.46371700697104,0.986760647,51.4070466186822,30.4940871,"U-shaped",354,53
"T1411","2015-2020","EB-tree",-2.42744113684258,0.0904067738116807,-1.16528127102892,0.986760647,29.8892983126579,21.00845249,"U-shaped",407,90
"T1412","2015-2020","DB-tree",-2.47866715519425,0.0761121094045389,-1.14408405087535,0.986760647,50.6112719032227,35.01408748,"U-shaped",393,77
"T1413","2015-2020","DB-tree",-1.79776213515741,0.00380257694039957,-0.692364226982969,0.986760647,41.98507399,41.98507399,"Declined",352,124
"T1414","2015-2020","EB-tree",-2.21420750287871,-0.0231314692058178,-0.373768507998411,0.986760647169751,41.1892992721825,26.61070648,"Declined",241,71
"T1415","2015-2020","EB-tree",-2.21012878979606,-0.0537186352576558,-0.709858362780447,0.986760647,35.4915523094927,9.199155711,"Declined",487,109
"T1416","2015-2020","EB-tree",-2.4803441159593,0.0837763019288692,-1.0131228604633,0.986760647,39.21577798,39.21577798,"U-shaped",521,115
"T1417","2015-2020","EB-tree",-3.01106699472064,0.0124355447974072,-0.204032572310312,0.986760647,34.3138057306126,33.48620003,"U-shaped",472,91
"T1418","2015-2020","EB-tree",-2.21197387784643,0.0351832699554716,-1.01750115560221,0.986760647,39.884228738829,30.68507303,"U-shaped",550,134
"T1419","2015-2020","EB-tree",-2.90932812607693,-0.0775974073548392,-0.0980420534912498,1.11408460164327,31.3853547777218,24.00056542,"Declined",390,69
"T1420","2015-2020","EB-tree",-1.85664301285587,-0.168635868743179,-0.437099425643257,0.986760647,25.6876078150319,9.103662745,"Declined",718,215
"T1501","2015-2020","DB-tree",-1.90195183787134,-0.199450764366218,-1.12672795430306,0.986760647,49.4016943357243,5.092958179,"Declined",194,29
"T1502","2015-2020","EB-tree",-1.4955844352178,0.00506195514201709,-0.486410243860713,0.986760647,63.5983152595214,39.78873577,"Declined",119,57
"T1503","2015-2020","EB-tree",-0.868380215749265,-0.00714185762528235,-0.25165188163735,0.986760647,59.9059205797894,27.6929601,"Declined",239,187
"T1504","2015-2020","EB-tree",-1.57375036664673,0.117299196630607,-0.882883688026828,0.986760647169751,26.10141067,26.10141067,"U-shaped",224,107
"T1505","2015-2020","EB-tree",-2.1890436357121,-0.0534166793674604,-0.0848719990579506,0.986760647,61.3064840789981,24.19155135,"Declined",238,83
"T1506","2015-2020","EB-tree",-1.64569324320645,0.0625147356585745,-1.04731949998814,0.986760647,40.807327408762,30.39859413,"U-shaped",169,63
"T1507","2015-2020","DB-tree",-3.84847448819942,-0.0384934888312588,0.186307669616427,1.11408460164327,68.9140903587907,17.28422682,"Unimodal",188,20
"T1508","2015-2020","EB-tree",-2.70439173342645,0.013205194144226,-1.07381507346511,0.986760647169751,49.5926802674346,11.71380381,"Declined",204,26
"T1509","2015-2020","DB-tree",-1.99117704898419,-0.0115733309288529,-1.31414520065758,0.986760647,54.1126806512444,7.512113314,"Declined",266,55
"T1510","2015-2020","DB-tree",-2.70917120108864,0.0383444154177125,-1.11328940759348,0.986760647169751,58.3143711488704,24.28704432,"U-shaped",221,31
"T1511","2015-2020","DB-tree",-1.64415501619108,0.0106211996175054,-0.662236965611117,0.986760647,49.3062013698692,27.6929601,"Declined",237,99
"T1512","2015-2020","EB-tree",-2.33391235589764,-0.0879806231879773,0.416029605408868,0.986760647,47.109863155201,16.99774792,"Unimodal",197,79
"T1513","2015-2020","EB-tree",-2.6109450830255,0.0517099357553522,-0.738517515455152,0.986760647,42.3033838738258,23.10929774,"U-shaped",247,53
"T1514","2015-2020","EB-tree",-3.13275595395594,-0.0190844159014311,-0.472309242648597,0.986760647,36.6056369111359,13.49633917,"Declined",408,50
"T1515","2015-2020","DB-tree",-3.111623552551,-0.0796990754713094,-0.171927821922545,0.986760647169751,46.186764485268,14.10112796,"Declined",405,56
"T1516","2015-2020","DB-tree",-3.17251683967042,-0.140855900105242,0.0403651111627652,1.11408460164327,43.2901445209955,13.81464906,"Declined",307,39
"T1517","2015-2020","EB-tree",-3.30858793337269,-0.0759412829483816,0.526312598307375,0.986760647169751,35.4915523094927,16.4884521,"Unimodal",360,77
"T1518","2015-2020","DB-tree",-2.27480002438778,0.00060557075851672,-0.404764114295743,1.11408460164327,40.48901752,40.48901752,"Declined",320,96
"T1519","2015-2020","EB-tree",-2.8719359136478,-0.0838386754847109,0.0330254780792906,0.986760647,32.4039464135099,16.61577606,"Declined",312,65
"T1520","2015-2020","EB-tree",-2.40652030583202,-0.0948972543786104,-0.0955585221214312,0.986760647,41.985073987642,12.41408556,"Declined",427,114
"T1601","2015-2020","DB-tree",-1.67759095801779,-0.222809472259843,0.0238595173622303,0.986760647,80.9143730679196,8.689859893,"Declined",139,48
"T1602","2015-2020","EB-tree",-2.33015391855024,0.0311065775017599,-0.707439622776501,0.986760647169751,45.009017906388,31.38535478,"U-shaped",165,38
"T1603","2015-2020","DB-tree",-2.24217539723206,-0.124670141895741,0.287802752777782,1.11408460164327,84.7022607135067,12.79605742,"Unimodal",165,58
"T1604","2015-2020","EB-tree",-2.05947096629475,0.0693904243853168,-1.30486703313609,0.986760647,60.9881741928143,45.2954968,"U-shaped",229,53
"T1605","2015-2020","EB-tree",-2.90375867890162,0.0625300061211753,-1.43177278474106,0.986760647,66.4949352237939,27.91577702,"U-shaped",265,29
"T1606","2015-2020","EB-tree",-3.39548443912833,0.00148989841502127,-0.316242901491363,0.986760647169751,78.2087390353574,25.40112892,"Declined",177,21
"T1607","2015-2020","EB-tree",-2.34069121005093,0.0828644119098056,-1.42989026889363,0.986760647169751,40.4890175225782,22.0907061,"U-shaped",167,28
"T1608","2015-2020","DB-tree",-3.68494027761061,-0.0502237450822144,0.631839588283622,0.986760647169751,70.3146538579994,44.40422912,"Unimodal",174,32
"T1609","2015-2020","EB-tree",-1.93965717774289,-0.0906789049282124,0.109808056828246,0.986760647,30.8123969825909,23.90507245,"Unimodal",172,72
"T1610","2015-2020","EB-tree",-2.3723221074981,-0.0437382945990174,0.0814380301179742,0.986760647,40.7118344429068,22.0907061,"Unimodal",166,56
"T1611","2015-2020","EB-tree",-2.66457390141088,-0.060005670388527,-0.0445221842201903,0.986760647,59.3966247618953,21.00845249,"Declined",184,42
"T1612","2015-2020","EB-tree",-2.53520852427138,-0.153325225883479,-0.414147463883672,0.986760647169751,46.6960603031621,9.708451529,"Declined",202,31
"T1613","2015-2020","DB-tree",-2.68261128664398,0.0249350712392954,-0.963701433168446,0.986760647,45.9957785535578,25.30563595,"U-shaped",275,46
"T1614","2015-2020","DB-tree",-2.49516992443334,-0.0786855622268926,-0.143715304707541,0.986760647,68.3093015750415,19.09859317,"Declined",283,67
"T1615","2015-2020","EB-tree",-1.91267002829188,0.00581693168629963,-0.860646590000669,0.986760647,42.3033838738258,20.6901426,"Declined",305,96
"T1616","2015-2020","EB-tree",-2.08144550795018,-0.154021427713315,-0.192215591331162,0.986760647,47.7146519389502,8.403380995,"Declined",385,110
"T1617","2015-2020","EB-tree",-2.43268911981051,0.0475049631066218,-0.938674333704167,1.11408460164327,44.5952150543491,20.21267777,"U-shaped",366,73
"T1618","2015-2020","EB-tree",-2.38272844518672,-0.00595051060823463,-0.548411963825028,0.986760647,40.2980315908679,20.78563557,"Declined",391,92
"T1619","2015-2020","EB-tree",-2.42750417441986,-0.0281300465317901,-0.380774016998334,0.986760647169751,37.8152144786343,21.48591732,"Declined",406,106
"T1620","2015-2020","DB-tree",-2.32446049597724,0.0805550837315711,-1.01389362279903,0.986760647,44.085919236455,31.79915763,"U-shaped",371,86
"T1701","2015-2020","EB-tree",-2.04611782052071,0.0653564814824186,-0.786514727707061,0.986760647,40.4890175225782,37.30591866,"U-shaped",212,71
"T1702","2015-2020","DB-tree",-0.908288840371355,0.021534899494675,-1.29868670371511,1.114084602,55.003948332559,18.20732549,"Declined",62,27
"T1703","2015-2020","DB-tree",-1.95387924704316,-0.0835277525319434,0.0961170935339539,1.11408460164327,71.1104285734588,13.81464906,"Unimodal",88,38
"T1704","2015-2020","DB-tree",-1.81074874170161,-0.0676723019177839,0.357025145450326,1.11408460164327,61.8157798968921,27.59746713,"Unimodal",163,96
"T1705","2015-2020","EB-tree",-2.78221273474872,0.0289831192831437,-0.201376167985169,0.986760647169751,61.1154981472878,48.19211677,"U-shaped",178,45
"T1706","2015-2020","EB-tree",-2.14236743841279,-0.047416904620715,0.152961750097928,1.11408460164327,38.7064821599489,27.08817131,"Unimodal",208,90
"T1707","2015-2020","EB-tree",-1.32189609621914,-0.0394442601874163,-0.15052190690964,0.986760647,73.306766788127,24.98732607,"Declined",191,121
"T1708","2015-2020","EB-tree",-2.07083974666991,-0.0834073328981048,-0.254559346164068,0.986760647,81.200851965485,17.18873385,"Declined",220,72
"T1709","2015-2020","EB-tree",-2.23025043851571,-0.100985781022213,-0.394126153250847,0.986760647,41.985073987642,12.50957853,"Declined",172,42
"T1710","2015-2020","EB-tree",-1.71474284778776,0.0247469254382519,-1.23343812944992,0.986760647,42.2078909079706,19.19408614,"Declined",155,45
"T1711","2015-2020","EB-tree",-2.37247637932084,-0.166769658202663,-0.62240779686709,1.11408460164327,52.8076101178909,10.59971921,"Declined",190,31
"T1712","2015-2020","EB-tree",-2.86438709024821,-0.0646233834233741,-0.0160183274588105,0.986760647,44.3087361567837,25.49662188,"Declined",183,35
"T1713","2015-2020","EB-tree",-2.06473036234613,-0.187093094592127,0.19365680466993,0.986760647,35.3005663777824,12.00028271,"Unimodal",144,44
"T1714","2015-2020","EB-tree",-1.77403543813659,-0.0949331530384952,-0.658533713970864,1.11408460164327,42.2078909079706,16.10648024,"Declined",257,79
"T1715","2015-2020","DB-tree",-2.38190062684554,0.0858441292416228,-1.1842431630732,0.986760647169751,47.0143701893459,41.98507399,"U-shaped",314,60
"T1716","2015-2020","EB-tree",-3.00866052007475,-0.00784891890191163,-0.723691302025564,1.11408460164327,56.5000047976228,17.50704374,"Declined",295,34
"T1717","2015-2020","EB-tree",-1.96324854290953,0.0559937874453769,-1.04392267254726,0.986760647,38.5154962282387,28.99803063,"U-shaped",443,132
"T1718","2015-2020","EB-tree",-2.23354643010265,-0.117222370152272,-0.762695482980884,0.986760647169751,48.4149336885546,9.103662745,"Declined",293,54
"T1719","2015-2020","EB-tree",-1.89947457091145,-0.0771269686702152,0.0269222581476094,0.986760647,40.2980315908679,25.81493177,"Declined",240,102
"T1720","2015-2020","EB-tree",-2.41090363480874,-0.122589666256445,-0.137813062364506,0.986760647,40.4890175225782,12.70056446,"Declined",339,83
"T1801","2015-2020","EB-tree",-2.774243870279,-0.055275300067448,-0.230572746746254,0.986760647169751,51.1842296983535,19.89436789,"Declined",281,53
"T1802","2015-2020","EB-tree",-2.58164231009174,0.0457155778031977,-0.85148487223489,1.11408460164327,41.4121161925112,29.60281942,"U-shaped",394,74
"T1803","2015-2020","EB-tree",-2.74793795725628,-0.0405746415350819,-0.763349062942837,0.986760647,48.8923985178302,9.294648677,"Declined",282,41
"T1804","2015-2020","EB-tree",-2.3542393827244,0.0389472852721607,-1.11254622503651,0.986760647,51.6935255162476,19.38507207,"U-shaped",342,59
"T1805","2015-2020","EB-tree",-2.67733464501842,0.206015959232425,-1.82794498630382,0.986760647,39.31127094,39.31127094,"U-shaped",317,42
"T1806","2015-2020","EB-tree",-2.39939467380397,-0.268746599366397,0.214924162219238,0.986760647,59.3966247618953,9.994930426,"Declined",307,63
"T1807","2015-2020","EB-tree",-2.44622264952077,0.0364611597176813,-0.465235641843474,1.11408460164327,46.6960603031621,38.19718634,"U-shaped",284,78
"T1808","2015-2020","DB-tree",-2.60906620265154,0.047097110065254,-1.5666599643195,1.11408460164327,68.2138086091863,11.10901503,"U-shaped",253,27
"T1809","2015-2020","DB-tree",-2.30849865574945,0.102530992609627,-1.55251336414032,0.986760647,49.210708404014,28.20225592,"U-shaped",203,34
"T1810","2015-2020","DB-tree",-2.4082570294829,0.0166632995026582,-0.849198774471053,0.986760647169751,61.8157798968921,35.10958045,"U-shaped",225,48
"T1811","2015-2020","EB-tree",-2.17463259155128,0.00102849540766017,-0.403860653028159,1.11408460164327,47.7146519389502,34.4092987,"Declined",143,45
"T1812","2015-2020","EB-tree",-3.05849827403603,-0.0359351467867712,-0.0717410591549678,0.986760647169751,56.7864836951883,16.4884521,"Declined",263,45
"T1813","2015-2020","DB-tree",-2.31755963656895,-0.109166469335603,-0.158998593109285,1.11408460164327,50.0064831194735,16.20197321,"Declined",286,71
"T1814","2015-2020","EB-tree",-2.32703631380731,-0.00656438715867267,-0.948031978285733,0.986760647169751,50.2929620170389,12.00028271,"Declined",286,54
"T1815","2015-2020","EB-tree",-3.05008760395089,0.0102234994846298,-0.544915673558736,1.11408460164327,54.5901454805201,32.0856365273261,"U-shaped",227,30
"T1816","2015-2020","EB-tree",-3.34029525303291,-0.00568802619440444,-0.0544258206927599,1.11408460164327,45.2000038380983,32.91324223,"Declined",197,30
"T1817","2015-2020","DB-tree",-1.8429343079522,0.0378307999622885,-1.36442291490836,0.986760647,52.9985960496011,19.98986085,"U-shaped",426,124
"T1818","2015-2020","EB-tree",-1.83130871835815,-0.0224877763314966,-0.897594581175547,0.986760647169751,43.6084544071793,17.98450857,"Declined",362,113
"T1819","2015-2020","EB-tree",-1.76374578103524,-0.233047917750227,-0.226576023874077,1.11408460164327,53.2850749471666,8.403380995,"Declined",257,74
"T1820","2015-2020","EB-tree",-2.04470539430012,0.0849921070123852,-1.13987640033839,1.11408460164327,35.014087480217,32.08563653,"U-shaped",360,97
"T1901","2015-2020","EB-tree",-2.71829980922721,-0.0984862332563022,-0.826239141125999,1.11408460164327,54.9084553667039,8.912676813,"Declined",321,37
"T1902","2015-2020","EB-tree",-2.46092718277548,0.143726327298413,-2.08093785434155,1.11408460164327,56.7864836951883,51.59803255,"U-shaped",392,46
"T1903","2015-2020","DB-tree",-2.19359853833485,-1.19644314572781,1.21840582764491,0.986760647,52.8076101178909,4.106197532,"Unimodal",359,30
"T1904","2015-2020","DB-tree",-2.24703885814958,-0.0989783004303711,-1.01914181702097,1.11408460164327,55.3859201959796,7.703099246,"Declined",371,50
"T1905","2015-2020","EB-tree",-2.30118817490412,0.0687711182070756,-1.54178272865619,1.11408460164327,45.9002855877026,16.61577606,"U-shaped",323,48
"T1906","2015-2020","EB-tree",-2.24183876869896,-0.23573670657738,-0.683660973456404,1.11408460164327,47.0143701893459,8.594366927,"Declined",229,32
"T1907","2015-2020","EB-tree",-2.23826275566642,0.0730996843199645,-1.84961611730891,0.986760647169751,53.2850749471666,15.08788861,"U-shaped",318,45
"T1908","2015-2020","EB-tree",-2.64037531088185,-0.0753071592201247,-0.691797201682378,1.11408460164327,57.0093006155169,9.803944494,"Declined",276,38
"T1909","2015-2020","EB-tree",-3.70307485569215,-0.0206163159357722,-0.562295906127927,1.11408460164327,57.9005682968315,15.50169146,"Declined",272,17
"T1910","2015-2020","EB-tree",-3.01920869016213,-0.0507261777318336,-0.308085697812728,0.986760647,43.3856374868507,14.89690267,"Declined",195,28
"T1911","2015-2020","EB-tree",-2.31898567557825,-0.0449848035857274,-0.469879726285151,1.11408460164327,43.7994403388896,13.11436731,"Declined",233,54
"T1912","2015-2020","EB-tree",-2.61988618520977,-0.0988593951599379,-0.771664925921516,0.986760647169751,47.109863155201,11.49098689,"Declined",151,20
"T1913","2015-2020","EB-tree",-2.6623260418669,-0.0462502132597617,-0.728980983263698,1.11408460164327,41.8895810217869,13.68732511,"Declined",318,48
"T1914","2015-2020","EB-tree",-2.3215199812404,-0.132701088223348,-0.381602330379057,0.986760647169751,49.9109901536184,14.99239564,"Declined",235,46
"T1915","2015-2020","DB-tree",-2.63118495413601,-0.387609668982706,1.01735903913277,0.986760647169751,50.9932437666433,13.68732511,"Unimodal",201,45
"T1916","2015-2020","DB-tree",-2.80012184954847,-0.19277931985916,0.436236358731077,0.986760647,71.5878934027345,14.51493081,"Unimodal",257,52
"T1917","2015-2020","EB-tree",-2.34538201267877,-0.207201944210155,0.110056358058058,0.986760647,43.6084544071793,14.51493081,"Declined",239,54
"T1918","2015-2020","EB-tree",-2.71928656136826,-0.0794868605001578,0.0990390807755408,1.11408460164327,45.9957785535578,17.18873385,"Unimodal",221,50
"T1919","2015-2020","EB-tree",-2.50077555569353,0.00122329808844887,-0.60965411125073,1.11408460164327,40.9028203746171,20.78563557,"Declined",307,65
"T1920","2015-2020","EB-tree",-2.30746322891562,-0.0094714025079843,-0.35045662068072,1.11408460164327,39.50225688,39.50225688,"Declined",302,81
"T2001","2015-2020","DB-tree",-2.68323609578145,0.0903621663433605,-2.10598069722462,0.986760647169751,77.9859221150287,27.50197417,"U-shaped",367,29
"T2002","2015-2020","EB-tree",-3.31042955415818,0.137923706103937,-1.44866538425998,1.11408460164327,38.8974680916592,24.70084717,"U-shaped",283,23
"T2003","2015-2020","EB-tree",-3.15443517449798,0.0471982903426068,-0.507351885301821,0.986760647169751,36.7966228428462,31.09887588,"U-shaped",330,50
"T2004","2015-2020","EB-tree",-3.31320750104371,0.167397471804782,-1.59155321841913,1.11408460164327,63.08901944,63.08901944,"U-shaped",329,28
"T2005","2015-2020","EB-tree",-2.83709879371002,-0.10831502575226,-1.46358192037555,0.859436692696235,43.6084544071793,6.302535746,"Declined",366,28
"T2006","2015-2020","DB-tree",-2.42460986528155,0.0633850244511654,-2.14641547114426,1.11408460164327,56.2135259000574,14.10112796,"U-shaped",323,27
"T2007","2015-2020","EB-tree",-3.4990834292233,0.0085601866044982,-0.400778861111077,1.11408460164327,39.6932428071187,22.79098785,"Declined",320,32
"T2008","2015-2020","DB-tree",-2.86858836415733,0.0697795943485871,-1.07037893898013,1.11408460164327,49.1152154381589,32.78591828,"U-shaped",323,40
"T2009","2015-2020","EB-tree",-2.46622197294506,0.0509406379368074,-1.67903738402631,1.11408460164327,55.3859201959796,10.18591636,"U-shaped",372,43
"T2010","2015-2020","EB-tree",-2.81648801163299,0.131478276081414,-1.23731961814222,0.986760647,35.9053551615316,30.2076082,"U-shaped",346,50
"T2011","2015-2020","EB-tree",-3.36361913766741,-0.0631778312432369,0.153098759181343,1.11408460164327,43.0036656234301,26.70619945,"Unimodal",302,44
"T2012","2015-2020","EB-tree",-3.69297588240093,-0.261104489949307,1.27253148527521,0.986760647169751,42.1123979421155,18.30281846,"Unimodal",154,24
"T2013","2015-2020","EB-tree",-1.37226145911674,-0.437634366071202,-0.407570035190227,1.114084602,52.7121171520357,5.092958179,"Declined",138,37
"T2014","2015-2020","EB-tree",-2.17649272395947,-0.150404504704579,-0.173017995698595,1.11408460164327,40.2980315908679,11.30000096,"Declined",127,32
"T2015","2015-2020","EB-tree",-3.01915347291115,0.0263643351300835,-0.629309491540156,1.305070533,47.7146519389502,23.10929774,"U-shaped",122,16
"T2016","2015-2020","DB-tree",-2.69415305679512,-0.274276531377751,0.321397525410953,1.11408460164327,60.797188261104,7.193803428,"Unimodal",159,27
"T2017","2015-2020","EB-tree",-2.20465248655883,0.0840367423039306,-0.913479609017239,0.986760647,69.80535804,69.80535804,"U-shaped",240,67
"T2018","2015-2020","EB-tree",-1.86224795564638,-0.154675538179503,-0.244459484566623,1.209577567,52.4893002317071,11.30000096,"Declined",175,50
"T2019","2015-2020","DB-tree",-2.74425314333631,-0.127222468391133,0.415775159778908,0.986760647169751,40.9028203746171,26.99267835,"Unimodal",186,47
"T2020","2015-2020","DB-tree",-3.48224975425715,-0.85492357729192,3.4637961016154,1.30507053335354,43.8949333047447,10.18591636,"Unimodal",63,14
"T2101","2015-2020","EB-tree",-3.51122233313921,0.0101642050996251,-0.130762358645375,1.11408460164327,55.3859201959796,23.30028367,"U-shaped",342,44
"T2102","2015-2020","EB-tree",-2.98659163859117,0.138073588463077,-1.56912660988109,0.986760647169751,36.4146509794257,33.10422816,"U-shaped",282,28
"T2103","2015-2020","EB-tree",-3.75094101305652,-0.0631115214289997,-0.309173552177868,0.986760647,39.5022568754084,15.69267739,"Declined",213,14
"T2104","2015-2020","EB-tree",-3.32320417300115,0.161461749041618,-1.78383586452494,1.11408460164327,41.985073987642,41.88958102,"U-shaped",293,19
"T2105","2015-2020","EB-tree",-3.86346768461841,0.0767495783406002,-0.996761930724978,0.986760647169751,55.5132441504531,31.28986181,"U-shaped",333,19
"T2106","2015-2020","EB-tree",-3.14342293728571,0.0599278614010897,-0.996655810443361,0.986760647169751,43.0036656234301,29.60281942,"U-shaped",351,37
"T2107","2015-2020","EB-tree",-2.62791312139137,0.159411310697457,-1.87232026202292,0.986760647,43.8949333047447,37.49690459,"U-shaped",363,44
"T2108","2015-2020","DB-tree",-1.71956997522418,-0.125187303112042,-1.33663827931919,0.986760647169751,37.4014116265954,7.894085177,"Declined",377,64
"T2109","2015-2020","EB-tree",-2.39906540404114,-0.0403329509454137,-0.956346493787048,0.986760647,41.8895810217869,7.512113314,"Declined",528,92
"T2110","2015-2020","EB-tree",-2.62540904854124,0.000547916991352329,-0.600894787583229,1.11408460164327,41.8895810217869,24.98732607,"Declined",432,81
"T2111","2015-2020","EB-tree",-3.34557905953437,-0.486154071584176,1.43121597378285,0.986760647169751,36.8921158087013,8.594366927,"Unimodal",314,42
"T2112","2015-2020","EB-tree",-2.25854011047376,-0.0119958631289059,-1.09049664908065,0.986760647169751,41.6031021242214,15.75633937,"Declined",307,56
"T2113","2015-2020","EB-tree",-1.96316099725618,-0.486859332233043,-0.0336273516808164,1.11408460164327,36.5101439452808,5.98422586,"Declined",134,22
"T2114","2015-2020","EB-tree",-2.68173690895892,-0.329191081488494,0.788991793139357,1.11408460164327,67.2907099392533,8.912676813,"Unimodal",223,46
"T2115","2015-2020","EB-tree",-1.91209335400928,-0.118785995107535,-0.476715601494827,1.114084602,36.9876087745565,9.994930426,"Declined",146,35
"T2116","2015-2020","EB-tree",-2.25966975831712,0.00712958134986737,-0.495598898378338,0.986760647169751,45.00901791,45.00901791,"Declined",200,53
"T2117","2015-2020","EB-tree",-2.45497467720706,0.0758808561082534,-1.0174367081991,0.986760647169751,43.70394737,43.70394737,"U-shaped",461,94
"T2118","2015-2020","EB-tree",-2.06929782095251,-0.331862763847702,-0.308830478311125,0.986760647,37.6878905241608,8.212395064,"Declined",263,50
"T2119","2015-2020","EB-tree",-2.39592720759167,-0.2017560592968,0.259548273214615,1.11408460164327,33.2952140948245,10.50422624,"Unimodal",265,62
"T2120","2015-2020","DB-tree",-2.79863267358292,-0.811934515654474,2.98279287937614,0.986760647,63.6938082253765,8.594366927,"Unimodal",75,19
"T2201","2015-2020","EB-tree",-2.62969324047758,0.0874472981815778,-1.55584159241929,0.986760647169751,53.7943707650606,28.99803063,"U-shaped",368,46
"T2202","2015-2020","EB-tree",-2.57527172267392,0.0830636499342214,-1.26017269688376,1.11408460164327,39.215777977843,26.0059177,"U-shaped",403,58
"T2203","2015-2020","EB-tree",-3.04342426231403,0.0878083619999016,-1.07638180934945,1.11408460164327,44.21324319,44.21324319,"U-shaped",367,41
"T2204","2015-2020","EB-tree",-3.04691803807556,0.0662406660148165,-0.754513988163554,1.11408460164327,40.7118344429068,30.68507303,"U-shaped",358,48
"T2205","2015-2020","EB-tree",-2.92815124356238,0.0783749985142059,-0.86931701308677,0.986760647,48.8923985178302,25.49662188,"U-shaped",341,52
"T2206","2015-2020","EB-tree",-3.18165172166282,0.0904615251344307,-1.1987615217774,0.986760647169751,38.1016933761997,32.08563653,"U-shaped",319,30
"T2207","2015-2020","EB-tree",-3.15877274692016,-0.0096897005801663,-0.803914830972683,1.11408460164327,32.3084534476548,12.19126864,"Declined",454,46
"T2208","2015-2020","EB-tree",-2.34397156636068,-0.0629181258281196,-1.40375098056596,1.11408460164327,50.8977508007881,11.10901503,"Declined",438,59
"T2209","2015-2020","EB-tree",-2.71989696623377,0.0606765433668761,-1.09169458146576,1.11408460164327,42.3033838738258,27.59746713,"U-shaped",422,55
"T2210","2015-2020","EB-tree",-2.61180740784181,-0.00528416856745172,-0.756028372799371,0.986760647,33.7090169468634,27.08817131,"Declined",512,91
"T2211","2015-2020","EB-tree",-2.44923062115946,-0.0632275588507487,-0.824420942950308,1.11408460164327,46.5050743714518,8.785352859,"Declined",315,52
"T2212","2015-2020","EB-tree",-2.36092682096301,-0.773746757313465,1.72982145516243,1.11408460164327,43.7039473730345,6.111549815,"Unimodal",268,56
"T2213","2015-2020","EB-tree",-2.18148129983935,-0.19584192134089,0.170223823261436,0.986760647169751,62.898033509917,11.80929678,"Declined",226,61
"T2214","2015-2020","EB-tree",-1.59883285229064,0.0669675859907383,-1.35174183117728,0.986760647,32.7859182769304,16.29746617,"U-shaped",259,81
"T2215","2015-2020","EB-tree",-1.39121326429559,-0.101206814355781,-0.611095910081312,0.986760647,33.9000028785737,16.90225496,"Declined",220,83
"T2216","2015-2020","DB-tree",-2.20391968368822,-0.224413276763725,0.22311214420566,1.11408460164327,41.1892992721825,10.69521218,"Declined",178,42
"T2217","2015-2020","DB-tree",-1.86651041257794,0.0219147302233753,-1.0640914556693,1.114084602,50.5157789373676,25.91042474,"U-shaped",217,53
"T2218","2015-2020","EB-tree",-2.31242052308364,-0.328928272573903,0.752687596652469,1.11408460164327,37.4014116265954,7.894085177,"Unimodal",171,44
"T2219","2015-2020","EB-tree",-1.64133677431081,-0.0652695111617627,-0.907921864369159,0.986760647169751,38.8019751258041,19.19408614,"Declined",235,66
"T2220","2015-2020","DB-tree",-1.56428946042309,-0.995542696028022,2.54466747832559,1.11408460164327,37.11493272903,8.912676813,"Unimodal",73,20
"T2301","2015-2020","EB-tree",-2.93709875362437,-0.0286325109066664,-0.942656739781086,1.11408460164327,64.7123998611647,10.59971921,"Declined",278,27
"T2302","2015-2020","EB-tree",-4.1470735511544,-0.0460526344654139,0.16002006664351,1.11408460164327,40.807327408762,17.79352264,"Unimodal",290,22
"T2303","2015-2020","EB-tree",-2.56237094526158,-0.0345018395986453,-0.113792125284424,1.11408460164327,64.489582940836,20.91295952,"Declined",343,92
"T2304","2015-2020","EB-tree",-3.4080963540209,-0.0559356681864677,0.0795486756230057,0.986760647169751,42.8126796917199,18.39831142,"Unimodal",260,35
"T2305","2015-2020","EB-tree",-3.02432240802956,-0.163832896353792,-0.253168484961283,0.986760647169751,58.6008500464359,7.703099246,"Declined",424,50
"T2306","2015-2020","EB-tree",-2.81792623177478,0.0521305780257237,-1.27615359097248,1.11408460164327,40.9983133404722,10.31324031,"U-shaped",483,53
"T2307","2015-2020","EB-tree",-3.26669557140872,-0.028389325004263,-0.400778790067236,1.11408460164327,39.5022568754084,19.51239602,"Declined",387,43
"T2308","2015-2020","DB-tree",-2.51433526139765,0.129070291510289,-2.02134581080688,1.11408460164327,41.1892992721825,21.61324127,"U-shaped",396,40
"T2309","2015-2020","DB-tree",-2.04898978408736,0.0364323237558449,-1.32797844138151,1.11408460164327,47.8101449048054,22.79098785,"U-shaped",376,77
"T2310","2015-2020","EB-tree",-1.83264611867607,0.221001622994765,-2.56588300394085,1.11408460164327,48.98789148,48.98789148,"U-shaped",400,77
"T2311","2015-2020","DB-tree",-2.09108903663862,0.115856714324965,-1.74874680288984,1.11408460164327,40.71183444,40.71183444,"U-shaped",221,44
"T2312","2015-2020","EB-tree",-3.2639372590238,-0.124131274508398,-0.0977667679542523,1.11408460164327,40.9028203746171,9.994930426,"Declined",220,24
"T2313","2015-2020","EB-tree",-2.43504483545297,-0.425112615259946,1.02599699470486,0.986760647169751,58.4098641147256,12.50957853,"Unimodal",177,39
"T2314","2015-2020","EB-tree",-1.82018502647122,-0.00690105806429047,-0.807559089604537,1.11408460164327,34.8867635257435,16.90225496,"Declined",321,92
"T2315","2015-2020","EB-tree",-2.45246716258402,-0.02040313630454,-0.529177392234218,1.11408460164327,54.6856384463752,16.90225496,"Declined",196,41
"T2316","2015-2020","DB-tree",-2.9873529781999,-0.456602432279631,1.54624443783348,1.11408460164327,46.7915532690172,7.798592212,"Unimodal",55,10
"T2317","2015-2020","DB-tree",-1.19619648567118,0.141190307049289,-2.15034306574318,1.114084602,41.6985950900766,33.39070706,"U-shaped",88,18
"T2318","2015-2020","DB-tree",-5.99149224755225,-0.40322481540896,3.29058366554976,1.59154943091895,57.8050753309764,16.61577606,"Unimodal",49,8
"T2319","2015-2020","DB-tree",-1.64896216574571,0.142587014627978,-1.83987949877671,1.114084602,28.9980306313433,23.80957949,"U-shaped",64,14
"T2320","2015-2020","DB-tree",-1.2153763392443,0.169361546495849,-2.83977182818608,1.114084602,41.985073987642,21.29493139,"U-shaped",145,32
"T2401","2015-2020","EB-tree",-2.80389765203858,0.0790724828207731,-1.11436401402433,1.114084602,43.2901445209955,19.89436789,"U-shaped",298,37
"T2402","2015-2020","EB-tree",-2.34998276068253,0.061633062563761,-0.734478866549937,0.986760647,43.6084544071793,34.69577759,"U-shaped",288,72
"T2403","2015-2020","EB-tree",-3.1881818503417,0.0310928785602593,-1.06421214112469,0.986760647169751,49.6881732332897,12.19126864,"U-shaped",397,35
"T2404","2015-2020","EB-tree",-2.08158579708395,-0.0282348539296968,-2.69508158519114,1.11408460164327,55.0994412984142,7.989578143,"Declined",333,33
"T2405","2015-2020","DB-tree",-2.35100552942079,-0.10539333830946,-0.757935757915684,1.11408460164327,40.1070456591576,9.199155711,"Declined",306,47
"T2406","2015-2020","EB-tree",-3.87450951084954,-0.0184872531394756,-0.045216967445194,1.11408460164327,38.1016933761997,22.18619907,"Declined",390,35
"T2407","2015-2020","DB-tree",-2.2901447622047,0.0192597883509967,-1.00783429174618,0.986760647,43.8949333047447,18.39831142,"Declined",430,82
"T2408","2015-2020","DB-tree",-2.24902490706537,-0.0423794072910525,-0.142693999345956,0.986760647169751,41.985073987642,26.0059177,"Declined",305,99
"T2409","2015-2020","EB-tree",-2.83502365611401,-0.0358541217438623,-0.211394851912933,0.986760647,43.9904262705999,24.28704432,"Declined",614,122
"T2410","2015-2020","EB-tree",-3.11247376260967,0.115561176225137,-1.44736913513196,0.986760647169751,43.8949333047447,35.01408748,"U-shaped",443,44
"T2411","2015-2020","EB-tree",-2.92803007958213,0.0304569537922644,-1.24266649337736,1.11408460164327,40.9028203746171,13.11436731,"U-shaped",334,35
"T2412","2015-2020","EB-tree",-2.59724854645936,-0.521691365456168,0.365925549928422,1.11408460164327,40.7118344429068,6.68450761,"Declined",274,33
"T2413","2015-2020","EB-tree",-2.8182844944278,-0.473789756068719,1.61221668507412,1.11408460164327,36.6056369111359,9.008169779,"Unimodal",219,51
"T2414","2015-2020","EB-tree",-2.11038716070353,0.0147212215175219,-0.819948367696294,1.11408460164327,36.9876087745565,20.08535382,"Declined",235,56
"T2415","2015-2020","DB-tree",-2.32931111644758,-0.113911421425139,0.246072471695124,0.986760647169751,68.5639494839885,13.81464906,"Unimodal",173,55
"T2416","2015-2020","DB-tree",-2.35236787410843,-0.175410559247708,-0.0102976092887314,1.11408460164327,58.6008500464359,12.50957853,"Declined",123,24
"T2417","2015-2020","DB-tree",-2.80052135326703,-0.45692384382552,1.140747073678,1.30507053335354,58.4098641147256,10.50422624,"Unimodal",44,4
"T2418","2015-2020","DB-tree",-1.81351452760313,-0.778260951922036,2.10800950346675,1.200028271,67.1952169733982,7.703099246,"Unimodal",56,15
"T2419","2015-2020","EB-tree",-1.86943673524278,-0.531169982766192,0.904256078488707,1.11408460164327,40.393524556723,9.485634608,"Unimodal",100,23
"T2420","2015-2020","EB-tree",-1.35609362950073,0.0624510766874014,-1.63505874683663,1.11408460164327,41.5076091583663,24.98732607,"U-shaped",228,59
"T2501","2015-2020","EB-tree",-2.11559672791346,-1.00524829650099,1.40754343475443,1.114084602,50.0064831194735,4.61549335,"Unimodal",221,29
"T2502","2015-2020","EB-tree",-3.9455788590658,-0.0204182931873611,0.303497839993375,0.986760647,61.4019770448532,28.71155173,"Unimodal",283,33
"T2503","2015-2020","DB-tree",-3.46236873847163,0.00747049262930026,-0.496760246919288,0.986760647169751,78.3997249670677,24.70084717,"U-shaped",370,36
"T2504","2015-2020","EB-tree",-3.08864486823871,0.0909722789805653,-1.2265958145862,1.08225361302489,38.9929610575144,23.71408652,"U-shaped",254,28
"T2505","2015-2020","EB-tree",-1.83308640735375,0.00687326994109879,-0.723487288248185,1.11408460164327,60.5107093635386,18.39831142,"Declined",265,87
"T2506","2015-2020","EB-tree",-2.95064191824764,-0.142117326375508,0.346336896279055,1.11408460164327,39.3112709436981,18.58929735,"Unimodal",306,62
"T2507","2015-2020","EB-tree",-1.93016839168549,-0.147598715361494,0.0457336422267872,1.11408460164327,38.29267930791,12.28676161,"Declined",379,141
"T2508","2015-2020","DB-tree",-2.41461141976662,-0.242018131426348,0.406579783171174,0.986760647,49.6881732332897,9.103662745,"Unimodal",391,104
"T2509","2015-2020","EB-tree",-2.74386659457601,-0.0517094675924839,-0.0326559414422533,0.986760647,35.3960593436375,16.71126902,"Declined",548,129
"T2510","2015-2020","EB-tree",-2.7162355103086,-0.0315182510289289,-0.3704530627473,0.986760647169751,38.7064821599489,16.80676199,"Declined",514,98
"T2511","2015-2020","EB-tree",-2.83198953876859,-0.0170204203382951,-0.795871934947093,0.986760647169751,46.600567337307,19.60788899,"Declined",438,62
"T2512","2015-2020","EB-tree",-2.43904494564904,0.0277576599360384,-0.857144631503422,1.11408460164327,35.014087480217,18.49380439,"U-shaped",383,75
"T2513","2015-2020","EB-tree",-2.29522250340884,-0.335745412019451,0.81613242591745,1.11408460164327,33.8045099127186,13.81464906,"Unimodal",313,90
"T2514","2015-2020","DB-tree",-2.14044703943,-0.79001243231641,1.58430088214932,1.11408460164327,31.990143561471,7.512113314,"Unimodal",287,51
"T2515","2015-2020","DB-tree",-2.06753152844622,-0.0392408538736895,-0.439631115641982,1.114084602,41.1892992721825,18.81211427,"Declined",153,40
"T2516","2015-2020","DB-tree",-1.61588481199093,-0.363478891915408,-0.310139153395311,1.209577567,38.5154962282387,10.31324031,"Declined",154,26
"T2517","2015-2020","DB-tree",-2.32174656528709,-0.127560138978678,0.0296163060383821,1.2095775674984,50.0064831194735,24.09605838,"Declined",87,19
"T2518","2015-2020","DB-tree",-2.10304355276672,-0.281049151354257,0.661244762477642,1.2095775674984,58.696343012291,16.61577606,"Unimodal",71,18
"T2519","2015-2020","DB-tree",-2.91120335540628,-0.153743948654302,-0.0499362546120566,1.11408460164327,53.8898637309158,11.30000096,"Declined",123,14
"T2520","2015-2020","DB-tree",-1.79071645383068,-0.435276544265729,0.908368106664012,1.114084602,45.009017906388,9.390141642,"Unimodal",124,41
"T0101","2020-2025","EB-tree",-3.99527313994071,0.0310201133289881,-0.413164639989684,1.01859163578813,52.0436663910498,14.2284519124154,"U-shaped",287,19
"T0102","2020-2025","EB-tree",-3.18839519611375,-0.053873532657039,-0.359793740494078,1.01859163578813,41.2211302608009,14.2921138896522,"Declined",287,32
"T0103","2020-2025","EB-tree",-2.97979559731116,-0.0731158641485384,-0.109389771001596,1.05042262440651,45.5183137242821,16.3929591384652,"Declined",283,44
"T0104","2020-2025","EB-tree",-3.01715415212659,0.102044100565746,-1.13772748740175,1.01859163578813,52.2028213341417,31.6718336752872,"U-shaped",291,33
"T0105","2020-2025","EB-tree",-3.05649441922931,0.0679138326687872,-1.01085987621525,1.08225361302489,49.0197224723038,32.4676083907466,"U-shaped",307,34
"T0106","2020-2025","EB-tree",-3.21949363574679,-0.0194419003531448,-0.352773853507527,1.01859163578813,38.9929610575144,12.6369024814965,"Declined",367,46
"T0107","2020-2025","EB-tree",-3.61152177917227,-0.0922103115041939,0.218909605580574,1.01859163578813,46.6323983259253,12.8915503904435,"Unimodal",326,36
"T0108","2020-2025","EB-tree",-2.81428634691577,0.0440611173382433,-0.525123242344784,1.2095775674984,36.2873270249521,24.7326781564805,"U-shaped",224,39
"T0109","2020-2025","EB-tree",-2.68668115212761,0.0667304748989218,-0.701591567169718,1.01859163578813,53.157750992693,53.157750992693,"U-shaped",320,64
"T0110","2020-2025","EB-tree",-2.56340132001863,0.0486944168353124,-0.76578661561113,1.01859163578813,38.3563412851468,17.2842268197798,"U-shaped",331,65
"T0111","2020-2025","EB-tree",-3.16658159911221,0.0451784439940546,-0.496364291731115,1.01859163578813,43.7357783616528,35.3960593436375,"U-shaped",387,56
"T0112","2020-2025","EB-tree",-3.03086198565923,-0.135498363701959,0.324475274675561,1.01859163578813,36.1281720818602,9.70845152860562,"Unimodal",360,69
"T0113","2020-2025","EB-tree",-2.75079170940542,-0.0997004068486471,-0.00322150807542915,1.05042262440651,28.3295798703574,17.0614098994512,"Declined",479,102
"T0114","2020-2025","EB-tree",-1.89108774990136,-0.151433164285189,-0.998557209766217,1.01859163578813,40.5845104884333,13.7509870831398,"Declined",630,143
"T0115","2020-2025","EB-tree",-2.30551017415143,0.0214513900521028,-0.728391322779903,0.986760647169751,43.0673276006669,27.1518332914773,"U-shaped",520,130
"T0116","2020-2025","EB-tree",-3.17950288151554,-0.0408365551769661,0.0596735303950149,0.954929658551372,40.0115526933025,20.2126777726707,"Unimodal",558,97
"T0117","2020-2025","EB-tree",-3.05997718427568,-0.0374148164687918,-0.385215610008293,0.891267681314614,28.8070446996331,13.4645081855743,"Declined",709,101
"T0118","2020-2025","EB-tree",-2.97766212163322,0.0582075655148322,-0.632282047172382,1.01859163578813,29.4436644720006,15.5971844230057,"U-shaped",715,111
"T0119","2020-2025","EB-tree",-2.00788350322257,-0.213832357988416,-0.159736742613781,1.01859163578813,24.6690161792438,9.99493042617103,"Declined",883,254
"T0120","2020-2025","EB-tree",-2.01048048785242,-0.012108540992866,-1.18956363292632,1.01859163578813,24.35070629306,9.39014164242183,"Declined",817,188
"T0201","2020-2025","EB-tree",-3.23107036443577,-0.00567467040061598,-0.890467402499532,1.01859163578813,52.5211312203255,17.3160578083982,"Declined",292,27
"T0202","2020-2025","EB-tree",-2.76790593996309,0.0502512887019864,-1.36670857424874,1.01859163578813,50.133807073947,11.3000009595246,"U-shaped",291,29
"T0203","2020-2025","EB-tree",-2.9559490029329,0.0775561717551426,-1.16866230379781,1.01859163578813,61.2746530903797,22.759156862141,"U-shaped",416,47
"T0204","2020-2025","EB-tree",-2.89767606062294,0.0591359022645454,-0.952452639897318,1.01859163578813,39.7887357729738,19.9898608523421,"U-shaped",349,45
"T0205","2020-2025","EB-tree",-3.76515652289968,-0.140800326180905,-0.267255988840989,1.05042262440651,73.8478935946394,11.841127766037,"Declined",188,10
"T0206","2020-2025","EB-tree",-3.48986617957191,0.0359201375360899,-0.355959010262963,0.923098669932993,48.3831026999362,28.2022559158839,"U-shaped",359,42
"T0207","2020-2025","EB-tree",-2.74523397634288,0.10883396910833,-1.49855645890655,1.01859163578813,44.4042291226388,17.3478887970166,"U-shaped",446,52
"T0208","2020-2025","EB-tree",-2.8111444797471,-0.0100190564348462,-0.936091440486833,0.954929658551372,42.1760599193523,18.812114273462,"Declined",387,44
"T0209","2020-2025","EB-tree",-2.42759941667365,0.0306162381362067,-1.2160272506304,1.01859163578813,52.2664833113784,22.1225370897735,"U-shaped",268,41
"T0210","2020-2025","EB-tree",-2.87668749445814,-0.277239867611444,0.492580610050066,1.11408460164327,33.8681718899553,9.54929658551372,"Unimodal",214,35
"T0211","2020-2025","EB-tree",-3.76548490154496,-0.0686503308071642,0.026417294766449,1.05042262440651,32.3084534476548,11.9684517205105,"Declined",279,25
"T0212","2020-2025","EB-tree",-3.27227786173618,0.0285512027959107,-0.321700071392169,1.01859163578813,41.730426078695,37.7197215127792,"U-shaped",550,79
"T0213","2020-2025","EB-tree",-3.19437742487593,0.00269474863100137,-0.5807406542231,1.01859163578813,52.3619762772336,21.0084524881302,"Declined",607,70
"T0214","2020-2025","EB-tree",-2.2084905264317,0.0690440802314692,-1.21587351826842,1.01859163578813,43.7676093502712,43.7676093502712,"U-shaped",502,111
"T0215","2020-2025","EB-tree",-2.02058311390279,-0.237815167340251,-0.68471510577579,1.01859163578813,41.8577500331685,5.41126806512444,"Declined",492,96
"T0216","2020-2025","EB-tree",-1.61808482014536,-0.193693687868443,-1.20385383475168,0.986760647169751,41.5394401469847,5.22028213341417,"Declined",642,156
"T0217","2020-2025","EB-tree",-2.99830824873463,-0.0866702971175532,0.0753121028859159,0.986760647169751,32.7859182769304,18.6847903189885,"Declined",696,130
"T0218","2020-2025","EB-tree",-2.96078789259397,0.0334834930437625,-0.469039506863577,0.986760647169751,31.7991576297607,18.7802832848437,"U-shaped",718,123
"T0219","2020-2025","EB-tree",-2.7108899561687,0.0340351521617978,-0.62816571418294,1.01859163578813,26.3878895646363,18.8439452620804,"U-shaped",652,124
"T0220","2020-2025","EB-tree",-2.14879616633579,-0.293426901494641,0.262862904575805,0.954929658551372,33.5816929923899,14.5149308099809,"Declined",471,126
"T0301","2020-2025","EB-tree",-2.76692608007288,-0.186381112296294,-0.0592560603153319,1.01859163578813,42.0805669534971,10.5042262440651,"Declined",222,31
"T0302","2020-2025","EB-tree",-3.10337625738416,-0.181368023954058,0.715408848938185,1.05042262440651,45.8366236104659,14.6422547644544,"Unimodal",231,46
"T0303","2020-2025","EB-tree",-1.96774574917505,0.0874310148140006,-1.84484123700828,0.954929658551372,49.6563422446713,20.0535228295788,"U-shaped",344,63
"T0304","2020-2025","DB-tree",-0.401297827701984,-1.84683202740629,1.60045436557387,0.954929658551372,63.3436673505743,4.80647928137524,"Declined",372,62
"T0305","2020-2025","DB-tree",-1.51077929445841,0.0874146351940749,-1.62800829747218,1.08225361302489,56.9774696268985,46.7915532690172,"U-shaped",191,49
"T0306","2020-2025","EB-tree",-2.00092093767271,0.0182010120242219,-0.723593780855201,1.01859163578813,55.927047002492,31.6718336752872,"U-shaped",311,88
"T0307","2020-2025","EB-tree",-2.28997831925987,-0.382581779432885,0.255040479618719,1.05042262440651,49.4653563129611,7.63943726841098,"Declined",308,59
"T0308","2020-2025","EB-tree",-2.72418376060392,-0.100696130080102,0.0333603352015092,1.01859163578813,39.215777977843,13.4963391741927,"Declined",224,47
"T0309","2020-2025","EB-tree",-3.59884599775203,-0.0360473266100531,-0.374523802745464,1.05042262440651,38.0698623875814,17.9845085693842,"Declined",202,17
"T0310","2020-2025","EB-tree",-2.89128773007619,0.0283348295347225,-0.753672833817805,1.01859163578813,42.9718346348117,21.581410283261,"U-shaped",517,74
"T0311","2020-2025","EB-tree",-2.35392369975392,0.0282815684346297,-0.884248715444127,1.01859163578813,57.7095823651213,25.4647908947033,"U-shaped",463,102
"T0312","2020-2025","EB-tree",-2.47689154463334,-0.34522856295451,-0.110207633101812,0.954929658551372,59.0464838870932,8.40338099525207,"Declined",510,81
"T0313","2020-2025","EB-tree",-2.58250744955726,0.041737712031105,-1.01389876300969,0.986760647169751,45.4228207584269,17.9526775807658,"U-shaped",641,115
"T0314","2020-2025","EB-tree",-2.50446555135956,0.0337041055867012,-0.403800320350191,0.986760647169751,33.5816929923899,33.5816929923899,"U-shaped",658,180
"T0315","2020-2025","EB-tree",-2.20731820967213,-0.00370067160789333,-0.774195222356764,0.954929658551372,36.4783129566624,14.1011279579419,"Declined",673,162
"T0316","2020-2025","EB-tree",-2.3034923546185,0.0528570004805137,-1.50160214266085,0.954929658551372,41.5076091583663,12.8915503904435,"U-shaped",566,99
"T0317","2020-2025","EB-tree",-2.47939171719554,-0.000859694982071521,-0.459808326642878,1.01859163578813,41.5394401469847,32.5949323452202,"Declined",519,124
"T0318","2020-2025","EB-tree",-2.26671465801342,-0.249429770267879,0.0906504454702739,1.08225361302489,34.3138057306126,8.43521198387045,"Declined",285,62
"T0319","2020-2025","EB-tree",-2.78426297907537,-0.339199204653275,0.580821051439628,1.01859163578813,23.8732414637843,8.594366927,"Unimodal",360,58
"T0320","2020-2025","EB-tree",-2.77450732979728,-0.0308734959318764,-0.309335663601329,0.986760647169751,31.990143561471,14.610423775836,"Declined",657,129
"T0401","2020-2025","DB-tree",-4.09692291067635,-0.310034539225109,1.9951862870491,1.01859163578813,67.0997240075431,26.2605656101627,"Unimodal",138,24
"T0402","2020-2025","EB-tree",-3.387597684644,0.01675496877813,-0.485291395006233,1.01859163578813,69.614372108395,27.6929600979898,"U-shaped",219,23
"T0403","2020-2025","EB-tree",-2.70523377160584,0.0661729647480481,-0.971516563716748,1.01859163578813,49.0197224723038,34.0591578216656,"U-shaped",177,26
"T0404","2020-2025","EB-tree",-2.45985468800087,0.0377514042251263,-0.852577476350017,1.05042262440651,33.9318338671921,29.8256363354212,"U-shaped",103,19
"T0405","2020-2025","EB-tree",-1.7301139025631,-1.09283685605418,1.84877842973092,1.01859163578813,59.2374698188034,5.92056388301851,"Unimodal",148,25
"T0406","2020-2025","EB-tree",-2.75326918396937,-0.111283899155305,0.0338205027950177,1.14591559026165,50.7704268463146,20.149015795434,"Declined",223,41
"T0407","2020-2025","EB-tree",-2.55142847535065,0.0208766844012106,-1.10110349408969,1.05042262440651,46.6960603031621,23.427607623127,"Declined",195,25
"T0408","2020-2025","EB-tree",-2.86044934971922,-0.249944546619662,0.753005602336262,1.14591559026165,50.6112719032227,11.3954939253797,"Unimodal",212,46
"T0409","2020-2025","DB-tree",-2.64246548598352,0.0431689990557824,-1.29623402102632,1.01859163578813,54.1126806512444,20.5628186474729,"U-shaped",240,29
"T0410","2020-2025","EB-tree",-2.59987907387323,0.0400239062193205,-0.730236837295309,0.954929658551372,66.2402873148468,42.3988768396809,"U-shaped",426,82
"T0411","2020-2025","DB-tree",-3.22993691980898,0.039644942586878,-0.723056474585863,1.01859163578813,49.4971873015795,19.4169030572112,"U-shaped",419,47
"T0412","2020-2025","EB-tree",-3.33642018903816,0.0359489955021397,-0.376393998176544,0.986760647169751,46.8233842576356,29.0616926085801,"U-shaped",269,36
"T0413","2020-2025","EB-tree",-2.69403337813118,-0.21865279323168,0.283737933529759,0.986760647169751,42.4943698055361,14.5467617985992,"Unimodal",230,43
"T0414","2020-2025","EB-tree",-2.88163751719121,-0.195740971712865,0.37045063146518,0.954929658551372,51.1842296983535,12.1912686408392,"Unimodal",308,59
"T0415","2020-2025","DB-tree",-2.96189161025974,-0.441902181973766,1.01076870954344,1.05042262440651,43.9267642933631,7.79859221150287,"Unimodal",368,61
"T0416","2020-2025","EB-tree",-3.00495514875443,-0.0745188458168294,-0.0176889306445745,0.954929658551372,49.4653563129611,17.9208465921474,"Declined",326,57
"T0417","2020-2025","EB-tree",-2.45636702117832,-0.10799189412406,-0.251361309018208,0.986760647169751,46.6323983259253,14.1011279579419,"Declined",394,92
"T0418","2020-2025","EB-tree",-3.02753707810417,-0.131547868468269,-0.42814693536247,1.01859163578813,38.3563412851468,14.6422547644544,"Declined",380,40
"T0419","2020-2025","EB-tree",-1.80987509621539,-0.100192525143208,-0.939840898491784,1.01859163578813,30.4940870964071,11.8729587546554,"Declined",561,133
"T0420","2020-2025","EB-tree",-2.15946043659708,-0.0889201776203207,-0.673511899680806,1.01859163578813,25.2419739743746,19.9261988751053,"Declined",702,148
"T0501","2020-2025","EB-tree",-1.52639081081937,-2.08053615316864,4.09201012406972,1.01859163578813,45.7729616332291,4.58366236104659,"Unimodal",172,23
"T0502","2020-2025","EB-tree",-3.23486699640115,0.0251944521136897,-0.76752971357503,1.01859163578813,35.6507072525846,27.1836642800957,"U-shaped",188,18
"T0503","2020-2025","DB-tree",-2.10947278406613,0.0591033168232115,-1.62195192873702,1.01859163578813,90.4000076761966,43.1309895779036,"U-shaped",80,11
"T0504","2020-2025","EB-tree",-1.79968272365447,-1.09528443632335,1.28031571173701,1.01859163578813,40.7436654315252,4.48816939519145,"Unimodal",68,10
"T0505","2020-2025","DB-tree",-3.27819803423353,-0.0259577862370107,-0.50220890081939,1.01859163578813,63.6619772367581,19.6715509661583,"Declined",164,15
"T0506","2020-2025","EB-tree",-0.644648682352989,-2.64717962758036,3.81223713046195,1.01859163578813,57.4549344561742,3.66056369111359,"Unimodal",183,17
"T0507","2020-2025","EB-tree",-2.16874465306811,0.0308901338948478,-1.26782446680581,1.01859163578813,48.2239477568443,16.7749310018858,"U-shaped",377,68
"T0508","2020-2025","EB-tree",-2.55550301808424,-0.163766528055169,-0.251258873683275,1.01859163578813,34.1228197989024,15.6608464002425,"Declined",217,35
"T0509","2020-2025","EB-tree",-2.28529860475387,0.0283254789804147,-1.09553024753046,1.01859163578813,41.985073987642,18.2709874669496,"U-shaped",222,41
"T0510","2020-2025","DB-tree",-3.12032151435166,0.0238967696639222,-0.57536808864659,1.01859163578813,62.7070475782068,26.9608473597671,"U-shaped",284,37
"T0511","2020-2025","EB-tree",-2.39515999026672,-0.231241763200674,-0.0216398926644211,1.01859163578813,53.6352158219687,7.54394430255584,"Declined",271,54
"T0512","2020-2025","EB-tree",-2.84783465188593,-0.161764439898516,-0.148327695202377,0.954929658551372,47.5873279844767,8.43521198387045,"Declined",382,51
"T0513","2020-2025","EB-tree",-1.92426202870451,-0.991365275671643,1.22519570838092,1.05042262440651,42.0169049762604,6.0797188261104,"Unimodal",366,52
"T0514","2020-2025","EB-tree",-2.46572048934269,-0.080307344605285,-0.671877338766669,1.11408460164327,44.9453559291512,10.8861981074856,"Declined",551,93
"T0515","2020-2025","EB-tree",-2.73753166633108,0.0399384998563949,-0.742787384386995,1.05042262440651,39.7250737957371,12.3185925953127,"U-shaped",650,112
"T0516","2020-2025","EB-tree",-2.77862284325401,0.109295595196849,-1.29009884901977,1.08225361302489,35.0777494574537,20.4354946929994,"U-shaped",463,63
"T0517","2020-2025","EB-tree",-2.21832591413917,-0.0387437718784307,-0.487220240995272,1.01859163578813,35.4915523094927,13.1461982993906,"Declined",375,101
"T0518","2020-2025","EB-tree",-2.272796307703,-0.116004603185294,-0.200683494638325,1.11408460164327,36.8284538314646,14.0374659807052,"Declined",342,88
"T0519","2020-2025","EB-tree",-2.47918267871833,-0.194070319441495,0.145288971659523,1.01859163578813,33.167890140351,17.1250718766879,"Declined",334,70
"T0520","2020-2025","EB-tree",-2.87146334979728,-0.00612525901060556,-0.571428409581451,1.05042262440651,29.1253545858168,20.5309876588545,"Declined",605,89
"T0601","2020-2025","DB-tree",-2.12742774966416,-0.370903400390486,0.845196305526047,1.2095775674984,61.4338080334716,7.89408517735801,"Unimodal",59,19
"T0602","2020-2025","EB-tree",-2.4264380642371,-0.107055252146402,-0.28440561976494,1.01859163578813,52.6802861634174,9.86760647169751,"Declined",250,54
"T0603","2020-2025","EB-tree",-2.88391751538079,-0.0297719479043681,-0.959956992100326,1.01859163578813,49.6563422446713,11.8092967774186,"Declined",332,38
"T0604","2020-2025","EB-tree",-3.05364674093702,-0.0162972047535756,-0.755116878130247,1.01859163578813,58.2507091716337,18.1436635124761,"Declined",354,37
"T0605","2020-2025","EB-tree",-2.56225153188728,0.153499411728635,-1.34713672971529,1.02814093237364,28.0112699841736,28.0112699841736,"U-shaped",314,52
"T0606","2020-2025","EB-tree",-4.19660416982388,-0.211233385923217,0.95351948159976,1.08225361302489,41.3802852038928,12.5732405042597,"Unimodal",319,28
"T0607","2020-2025","EB-tree",-2.9591453184102,-0.0297172015352792,-0.537757759759218,1.01859163578813,39.0566230347511,12.9870433562987,"Declined",238,29
"T0608","2020-2025","EB-tree",-3.15383851920417,-0.0236572331083285,-0.374531363903151,1.01859163578813,55.7678920594001,19.9580298637237,"Declined",306,39
"T0609","2020-2025","EB-tree",-1.95559791866056,-0.495202205273682,-0.0190929556891386,1.01859163578813,61.2746530903797,6.20704278058392,"Declined",353,61
"T0610","2020-2025","EB-tree",-3.48779277526492,-0.0112990781448674,-0.396826660203053,1.01859163578813,46.2822574511232,15.4698604685322,"Declined",363,34
"T0611","2020-2025","EB-tree",-3.20683209807823,0.0891966527592136,-1.1483152179192,1.01859163578813,46.7915532690172,19.9898608523421,"U-shaped",397,40
"T0612","2020-2025","EB-tree",-3.29409157534012,-0.089300159713005,-0.2039844619658,1.01859163578813,43.4492994640874,10.8225361302489,"Declined",446,50
"T0613","2020-2025","EB-tree",-3.45596279668343,0.0742719552945706,-0.590958872660885,1.05042262440651,33.9000028785737,21.8042272035897,"U-shaped",319,35
"T0614","2020-2025","EB-tree",-2.33053272464084,-0.20039434178331,-0.574224843914062,1.11408460164327,57.2957795130823,7.83042320012125,"Declined",371,53
"T0615","2020-2025","EB-tree",-3.68043619898895,0.00658472916131455,-0.133675191535574,1.11408460164327,33.8681718899553,21.8042272035897,"U-shaped",390,42
"T0616","2020-2025","EB-tree",-2.26630874976165,0.026764123032314,-0.830482878006743,1.08225361302489,40.7436654315252,27.0563403256222,"U-shaped",456,103
"T0617","2020-2025","EB-tree",-2.22478511693669,-0.0840532966312513,-0.449358644558056,1.05042262440651,28.0749319614103,19.0349311937907,"Declined",454,97
"T0618","2020-2025","EB-tree",-2.26262290551931,0.0689909011744501,-1.19705559981206,1.01859163578813,30.2076081988417,21.9315511580632,"U-shaped",441,87
"T0619","2020-2025","EB-tree",-1.73845316914992,0.0339573145208707,-0.956063330946819,1.02814093237364,33.9954958444288,32.499439379365,"U-shaped",435,139
"T0620","2020-2025","EB-tree",-2.59304679450814,-0.408013138109135,0.806647992736615,1.01859163578813,30.7487350053542,14.4194378441257,"Unimodal",454,88
"T0701","2020-2025","EB-tree",-3.48824804868102,-0.0690425871997735,0.0625064078165861,0.954929658551372,45.2954968039534,15.2470435482036,"Declined",249,28
"T0702","2020-2025","EB-tree",-3.01324420451501,0.042047433978226,-0.540664949022565,1.01859163578813,49.3380323584876,42.8126796917199,"U-shaped",376,61
"T0703","2020-2025","EB-tree",-2.82588073421461,0.0674604148386704,-1.21482005581002,1.01859163578813,49.624511256053,37.9743694217262,"U-shaped",441,58
"T0704","2020-2025","EB-tree",-3.04953986628679,0.117951330568474,-1.4178374632904,1.01859163578813,44.8498629632961,19.735212943395,"U-shaped",381,41
"T0705","2020-2025","EB-tree",-2.42965939080448,0.0801394288473549,-1.33171769212186,0.954929658551372,43.8631023161264,27.4701431776611,"U-shaped",438,72
"T0706","2020-2025","EB-tree",-3.70840482027922,-0.111384586905365,0.448628765049609,1.01859163578813,41.061975317709,18.0163395580026,"Unimodal",262,30
"T0707","2020-2025","EB-tree",-2.84503619394316,0.0677113677911029,-0.753915019506392,1.01859163578813,41.1574682835641,26.6425374735833,"U-shaped",256,40
"T0708","2020-2025","EB-tree",-3.1558760311675,0.0335825986308935,-0.522788470491756,1.05042262440651,44.1495812136918,37.5605665696873,"U-shaped",349,44
"T0709","2020-2025","EB-tree",-3.64315923991711,-0.0585713946029112,-0.183587355961658,0.986760647169751,46.7278912917805,14.1647899351787,"Declined",311,24
"T0710","2020-2025","EB-tree",-3.35356775528903,-0.175662137467402,0.453328662753265,1.01859163578813,34.2501437533759,10.8225361302489,"Unimodal",344,47
"T0711","2020-2025","EB-tree",-2.99190913787434,0.0663314011521318,-0.743046732402288,1.01859163578813,36.9239467973197,22.9183118052329,"U-shaped",462,69
"T0712","2020-2025","EB-tree",-2.77080172654276,0.0437621749159177,-0.92961631753508,1.01859163578813,41.1892992721825,31.5126787321953,"U-shaped",471,74
"T0713","2020-2025","EB-tree",-2.24057518394536,-0.044522006614691,-0.548853757690419,0.954929658551372,43.2901445209955,22.9183118052329,"Declined",478,125
"T0714","2020-2025","EB-tree",-2.27343169786603,-0.0138789202614866,-0.878006680034594,1.08225361302489,43.7676093502712,17.9208465921474,"Declined",403,74
"T0715","2020-2025","EB-tree",-2.29593834122288,-0.0157958805507534,-0.802516999030049,1.05042262440651,24.0642273954946,13.1461982993906,"Declined",525,95
"T0716","2020-2025","EB-tree",-2.09220165255717,0.0482489630944899,-1.38674593435413,0.986760647169751,35.9690171387684,19.2895791027377,"U-shaped",528,92
"T0717","2020-2025","EB-tree",-2.68286866655468,-0.0111715258735922,-0.60056094510714,1.01859163578813,24.5735232133886,24.35070629306,"Declined",538,82
"T0718","2020-2025","EB-tree",-2.4248519347453,-0.0188829661192417,-0.435089966382548,1.05042262440651,27.9794389955552,15.9791562864263,"Declined",715,157
"T0719","2020-2025","EB-tree",-2.43395405815641,-0.10967024806983,-0.116840172569894,1.01859163578813,31.6718336752872,13.0507053335354,"Declined",460,109
"T0720","2020-2025","EB-tree",-2.33199698093654,-0.158152057817712,-0.292743815217226,1.01859163578813,40.4253555453414,12.095775674984,"Declined",580,116
"T0801","2020-2025","EB-tree",-3.55517082738435,0.0493477847400015,-0.706485096711922,1.11408460164327,41.6349331128398,25.9422557239789,"U-shaped",240,19
"T0802","2020-2025","EB-tree",-2.63160488416009,-0.161180053728962,-1.0323713556236,1.01859163578813,39.1521160006063,8.59436692696235,"Declined",220,19
"T0803","2020-2025","EB-tree",-3.56409714434154,-1.63718755314644e-05,-0.155824997063072,1.01859163578813,62.0704278058392,37.9425384331078,"Declined",312,36
"T0804","2020-2025","EB-tree",-3.51905704631032,-0.298920003313536,-0.636994326490449,1.01859163578813,50.133807073947,7.0028174960434,"Declined",345,15
"T0805","2020-2025","EB-tree",-3.3762278428248,-0.0286804009862679,0.109801082560862,1.01859163578813,56.340849854531,39.0566230347511,"Unimodal",251,39
"T0806","2020-2025","EB-tree",-4.31085410421405,-0.147956711633819,0.218685628775302,1.01859163578813,49.8154971877632,13.3690152197192,"Unimodal",232,11
"T0807","2020-2025","EB-tree",-3.73852216892407,-0.13810304466364,0.920799472080295,1.01859163578813,51.2478916755903,21.7087342377345,"Unimodal",282,46
"T0808","2020-2025","EB-tree",-3.20666108882306,-0.0780486625645713,0.182968636038288,1.05042262440651,38.8338061144225,20.2763397499075,"Unimodal",470,78
"T0809","2020-2025","EB-tree",-3.08552274793404,-0.158618088020272,0.254815857667502,1.01859163578813,42.4307078282993,17.8253536262923,"Unimodal",272,40
"T0810","2020-2025","EB-tree",-2.7257119285249,-0.213052251851171,0.147834893113819,1.01859163578813,35.3323973664008,20.3718327157626,"Declined",331,52
"T0811","2020-2025","EB-tree",-2.67897786088225,-0.00909237896019344,-0.853602800244039,1.01859163578813,29.4118334833823,17.9845085693842,"Declined",533,80
"T0812","2020-2025","EB-tree",-2.51785331408009,0.00920560811921739,-0.896264569728556,0.986760647169751,35.1095804460721,20.8811285336567,"Declined",647,111
"T0813","2020-2025","EB-tree",-2.27235432256372,0.0110252315404872,-0.84439307721924,1.01859163578813,53.4760608788768,19.9580298637237,"Declined",556,119
"T0814","2020-2025","EB-tree",-2.30894617444427,0.0500005768812019,-1.02342638276683,1.11408460164327,34.9822564915986,33.6135239810083,"U-shaped",372,73
"T0815","2020-2025","EB-tree",-2.65096774096288,-0.185417449752926,0.189851896579222,1.08225361302489,50.7704268463146,10.4405642668283,"Declined",486,100
"T0816","2020-2025","EB-tree",-2.33581427229254,-0.0119989500235144,-0.720760039384442,1.11408460164327,27.8521150410817,22.2816920328653,"Declined",559,110
"T0817","2020-2025","EB-tree",-2.00916940431832,-0.0457853280407644,-0.884569042416379,1.05042262440651,35.014087480217,12.7323954473516,"Declined",488,100
"T0818","2020-2025","EB-tree",-1.96183790277179,0.00303671933693355,-0.860066104892527,1.01859163578813,24.2233823385865,15.6608464002425,"Declined",658,177
"T0819","2020-2025","EB-tree",-2.17593587423795,0.0189261186590599,-0.846078792347323,1.01859163578813,26.7380304394384,21.326762374314,"Declined",695,164
"T0820","2020-2025","EB-tree",-1.87534581832556,-0.140944663619503,-0.336611443775467,1.01859163578813,43.0991585892853,14.0056349920868,"Declined",781,221
"T0901","2020-2025","EB-tree",-3.64097453421015,-0.380485812570386,0.89708626692857,1.11408460164327,63.0253574643906,8.91267681314614,"Unimodal",210,17
"T0902","2020-2025","EB-tree",-3.42371668234837,0.00267902261149711,-0.631868378485597,1.08225361302489,37.7197215127792,18.1436635124761,"Declined",315,27
"T0903","2020-2025","EB-tree",-4.17668103517325,-0.0232024708370307,-0.298956589491611,1.01859163578813,42.8126796917199,21.6450722604978,"Declined",253,13
"T0904","2020-2025","EB-tree",-3.96312602020434,-0.00306895927338021,-0.28865077017105,1.05042262440651,46.4732433828334,17.0295789108328,"Declined",343,23
"T0905","2020-2025","EB-tree",-2.74364408779535,0.196487962508098,-1.92306086841687,1.01859163578813,31.1943688460115,24.5416922247703,"U-shaped",288,27
"T0906","2020-2025","EB-tree",-3.22145767199062,0.0230470076810497,-1.26018761819795,1.08225361302489,46.186764485268,14.4194378441257,"Declined",291,18
"T0907","2020-2025","EB-tree",-3.03492871446809,0.050915695652721,-0.710991042282048,1.11408460164327,42.3352148624442,20.912959522275,"U-shaped",195,25
"T0908","2020-2025","EB-tree",-2.84817807674762,0.00690473913120654,-1.18619867214811,1.11408460164327,41.2211302608009,9.64478955136886,"Declined",318,28
"T0909","2020-2025","EB-tree",-3.67780469170447,0.130270064189454,-1.29431823583938,1.05042262440651,46.1549334966496,44.2450741795469,"U-shaped",274,16
"T0910","2020-2025","EB-tree",-2.93376075934314,0.0271542331021564,-0.672010592470805,1.01859163578813,37.0831017404116,23.8732414637843,"U-shaped",279,36
"T0911","2020-2025","EB-tree",-4.13887122950858,0.026415458111362,0.127974065151293,1.01859163578813,41.730426078695,35.014087480217,"Increased",332,34
"T0912","2020-2025","EB-tree",-3.29955217656572,-0.0813144302224536,0.621611405315037,1.01859163578813,34.5684536395597,22.2816920328653,"Unimodal",485,111
"T0913","2020-2025","EB-tree",-2.7727631062319,-0.0525859806466625,-0.0823559522876238,1.01859163578813,35.4915523094927,20.6901426019464,"Declined",562,122
"T0914","2020-2025","EB-tree",-2.74455921382912,-0.0730506535421058,0.0210291146714402,1.01859163578813,33.422538049298,14.1647899351787,"Declined",556,124
"T0915","2020-2025","EB-tree",-2.51570895964551,0.0268080614502355,-1.12979310659227,1.01859163578813,37.1785947062668,22.3453540101021,"Declined",419,66
"T0916","2020-2025","EB-tree",-2.01728247363568,-0.146181364347035,-0.480257290500767,1.05042262440651,43.7676093502712,10.7588741530121,"Declined",433,101
"T0917","2020-2025","EB-tree",-2.22356888611542,-0.0234601777882967,-0.818324721834226,1.05042262440651,30.0802842443682,17.2523958311615,"Declined",339,68
"T0918","2020-2025","EB-tree",-2.40271097100582,-0.0266163308671807,-0.471939632304355,1.05042262440651,31.8309886183791,30.0802842443682,"Declined",470,104
"T0919","2020-2025","EB-tree",-2.31636133165918,-0.0742902979966171,-0.336243229576899,1.01859163578813,22.4408469759572,16.9340859449777,"Declined",692,172
"T0920","2020-2025","EB-tree",-2.41612405394471,0.0577264360459744,-0.97912411711451,1.05042262440651,21.6132412718794,21.6132412718794,"U-shaped",574,104
"T1001","2020-2025","EB-tree",-3.36863858889667,0.0376295116564664,-0.734895304054689,1.08225361302489,65.412681610769,25.783100780887,"U-shaped",237,20
"T1002","2020-2025","EB-tree",-2.68346964762336,-0.0644905463044974,-0.971815447023685,1.08225361302489,45.1363418608615,9.39014164242183,"Declined",345,40
"T1003","2020-2025","EB-tree",-3.58298229864998,-0.00717034215438227,-0.657065555961732,1.11408460164327,38.5154962282387,10.7588741530121,"Declined",271,19
"T1004","2020-2025","EB-tree",-4.07038605375667,-0.0368631114871657,-0.0419760468139502,1.01859163578813,49.1788774153957,16.6157760587939,"Declined",250,17
"T1005","2020-2025","EB-tree",-2.21998878874942,-1.34781241025965,2.27510294669629,1.05042262440651,44.6588770315858,5.37943707650606,"Unimodal",166,15
"T1006","2020-2025","EB-tree",-3.04813876353322,0.0168171868197239,-0.728099409575627,1.08225361302489,59.8422586025526,27.5019741662795,"U-shaped",227,25
"T1007","2020-2025","EB-tree",-4.38439341658614,-0.0206803951294837,0.176256808238778,1.01859163578813,48.70141258612,21.0084524881302,"Unimodal",228,16
"T1008","2020-2025","EB-tree",-2.61051971961996,0.0869114306973511,-1.74989497521124,0.986760647169751,46.3140884397415,23.0774667483248,"U-shaped",275,28
"T1009","2020-2025","EB-tree",-4.3003219837581,0.0203514134613265,-0.0579388468744636,1.01859163578813,48.1921167682259,29.3163405175271,"U-shaped",254,18
"T1010","2020-2025","DB-tree",-2.9442171685647,0.0820861428436137,-1.4811165734673,1.11408460164327,42.2715528852074,17.1569028653063,"U-shaped",253,21
"T1011","2020-2025","DB-tree",-4.27128624040777,-0.0133147275020044,0.214181306949292,1.05042262440651,49.0197224723038,20.7856355678015,"Unimodal",343,28
"T1012","2020-2025","EB-tree",-3.07308032479102,-0.262282573851271,0.43576519960371,1.01859163578813,36.8921158087013,9.64478955136886,"Unimodal",548,82
"T1013","2020-2025","EB-tree",-2.84327470630784,0.139332964540355,-1.52858956733535,1.05042262440651,44.2450741795469,44.2450741795469,"U-shaped",442,51
"T1014","2020-2025","EB-tree",-2.93373597765447,-0.0354827876539223,-0.290774648748821,1.05042262440651,48.70141258612,17.5388747287269,"Declined",447,72
"T1015","2020-2025","EB-tree",-2.79056399832249,-0.324795298581984,0.290814184010537,1.01859163578813,37.5287355810689,10.40873327821,"Declined",624,95
"T1016","2020-2025","EB-tree",-2.87538118573769,-0.0321811976487555,-0.543611556498497,0.986760647169751,44.085919236455,14.5149308099809,"Declined",602,91
"T1017","2020-2025","EB-tree",-2.497874743317,0.0109477739679187,-0.80320776503237,1.01859163578813,38.6746511713306,20.5309876588545,"Declined",504,97
"T1018","2020-2025","EB-tree",-2.36274659488598,-0.0196910254577652,-0.515444606058756,0.954929658551372,35.014087480217,14.4830998213625,"Declined",494,117
"T1019","2020-2025","EB-tree",-1.74039371482154,-0.129866307953276,-0.0660190377373274,0.954929658551372,38.3245102965284,15.9154943091895,"Declined",651,265
"T1020","2020-2025","EB-tree",-2.23778058914571,-0.0268714659380836,-0.391664272051222,1.01859163578813,32.1492985045629,26.9608473597671,"Declined",432,124
"T1101","2020-2025","EB-tree",-2.47925708708931,0.0295105160060664,-0.736699426419086,1.01859163578813,65.8901464400447,35.3323973664008,"U-shaped",321,65
"T1102","2020-2025","EB-tree",-2.88643809162109,-0.0949961259731064,0.000716470903258853,0.954929658551372,40.4890175225782,16.1064802408998,"Declined",316,55
"T1103","2020-2025","DB-tree",-2.28403736177769,0.200468908366046,-2.35367334680636,1.01859163578813,37.4014116265954,31.3535237891034,"U-shaped",290,38
"T1104","2020-2025","EB-tree",-2.86263724504674,0.0245998072372783,-0.87761180945935,1.01859163578813,46.3459194283599,15.278874536822,"U-shaped",196,24
"T1105","2020-2025","EB-tree",-2.58057262477816,0.0655775167048965,-1.08234218310159,1.01859163578813,35.3642283550191,15.4698604685322,"U-shaped",158,23
"T1106","2020-2025","EB-tree",-1.84365961925198,-1.43965964919239,2.04898938759429,1.05042262440651,59.2693008074218,5.41126806512444,"Unimodal",232,22
"T1107","2020-2025","DB-tree",-3.47450533525838,-0.411328559757167,0.928047997621881,1.11408460164327,42.4307078282993,7.63943726841098,"Unimodal",234,20
"T1108","2020-2025","EB-tree",-3.55998843769512,-0.0719878172771835,-0.346074687162996,1.01859163578813,39.47042588679,14.4194378441257,"Declined",304,25
"T1109","2020-2025","EB-tree",-3.14726343066773,-0.193100099004772,0.345971437291434,1.01859163578813,50.2929620170389,10.0267614147894,"Unimodal",241,33
"T1110","2020-2025","EB-tree",-4.11187080804178,-0.217540088135456,0.588091069169751,1.11408460164327,46.1549334966496,9.23098669932993,"Unimodal",280,19
"T1111","2020-2025","EB-tree",-3.6157979005021,0.032726126242841,-0.635083600616624,1.01859163578813,53.6352158219687,30.8760589598277,"U-shaped",348,28
"T1112","2020-2025","EB-tree",-3.94617676038463,-0.0739744092787511,0.124727420597729,0.986760647169751,34.6957775940332,12.76422643597,"Unimodal",319,26
"T1113","2020-2025","EB-tree",-2.15901536759259,0.193582968652206,-2.14846863511269,0.986760647169751,36.0008481273867,24.9873260654276,"U-shaped",447,68
"T1114","2020-2025","EB-tree",-2.81478021595658,-0.0627905533195426,-0.599533884124216,1.08225361302489,54.749300423612,16.3611281498468,"Declined",536,73
"T1115","2020-2025","EB-tree",-2.29540574477958,-0.0813765295738817,-0.983090780648589,1.01859163578813,38.7064821599489,11.4273249139981,"Declined",451,77
"T1116","2020-2025","EB-tree",-1.93820865844778,-0.525063249930393,-0.288770649133866,1.01859163578813,46.4095814055967,5.41126806512444,"Declined",509,82
"T1117","2020-2025","EB-tree",-2.85594309907581,-0.152792228145271,-0.11520370179735,0.986760647169751,45.1681728494799,11.8092967774186,"Declined",470,73
"T1118","2020-2025","EB-tree",-2.43716096386845,-0.00857324663243575,-0.359848400015733,1.11408460164327,39.9478907160657,33.7408479354818,"Declined",436,111
"T1119","2020-2025","EB-tree",-2.43609329433825,-0.148093174088039,0.0339598735415682,1.01859163578813,41.9532429990236,9.61295856275048,"Declined",538,133
"T1120","2020-2025","EB-tree",-2.0348879125116,0.0155524148542979,-0.670266348727311,0.954929658551372,32.4676083907466,32.4676083907466,"Declined",632,200
"T1201","2020-2025","EB-tree",-2.74050873924879,-0.969660584145434,1.83490221804039,1.01859163578813,67.4498648823453,5.92056388301851,"Unimodal",200,21
"T1202","2020-2025","EB-tree",-3.29486233245731,-0.0300332056364383,-0.534560261592038,1.01859163578813,42.4943698055361,18.3346494441863,"Declined",249,22
"T1203","2020-2025","EB-tree",-3.16166953945597,-0.134390291087805,0.00454179085401007,1.01859163578813,37.7515525013976,10.663381187157,"Declined",304,38
"T1204","2020-2025","EB-tree",-3.28333378165928,0.129467859120604,-1.49703964843369,1.01859163578813,49.6563422446713,29.6028194150925,"U-shaped",227,17
"T1205","2020-2025","EB-tree",-2.32595276884992,-0.0699847172964043,-1.102647858802,1.00267614147894,58.0915542285418,9.70845152860562,"Declined",369,45
"T1206","2020-2025","EB-tree",-2.43071954579353,0.0129128948580089,-1.36029007986125,1.05042262440651,54.4309905374282,21.7087342377345,"Declined",380,44
"T1207","2020-2025","DB-tree",-2.21067806369386,-0.234581543246417,-0.872566668139629,1.11408460164327,62.0704278058392,7.32112738222719,"Declined",236,26
"T1208","2020-2025","EB-tree",-2.8202304116018,-0.494577487523869,0.55772491081038,1.01859163578813,29.7301433695661,6.2388737692023,"Unimodal",152,14
"T1209","2020-2025","EB-tree",-3.57601045855673,-0.0391678334236593,0.074961582698401,1.01859163578813,54.2718355943363,22.2816920328653,"Unimodal",260,32
"T1210","2020-2025","EB-tree",-3.20027512045362,-0.37036558874238,0.83334417390213,1.01859163578813,39.9160597274474,11.2681699709062,"Unimodal",265,34
"T1211","2020-2025","EB-tree",-2.84802044641448,0.0851281822635393,-1.35091613683466,1.05042262440651,35.9053551615316,14.8014097075463,"U-shaped",376,37
"T1212","2020-2025","DB-tree",-2.92748534173787,-0.0991305561331464,-0.423480289407312,1.11408460164327,47.7464829275686,15.533522445769,"Declined",435,50
"T1213","2020-2025","EB-tree",-2.70433773756368,-0.00539254288917335,-1.01736473211185,1.11408460164327,43.4492994640874,12.5732405042597,"Declined",475,56
"T1214","2020-2025","EB-tree",-2.70830017256378,0.0915252008723982,-1.73022219227377,1.11408460164327,51.8845114479579,23.0456357597064,"U-shaped",409,36
"T1215","2020-2025","EB-tree",-3.58160591298896,-0.0561424662984598,-0.24703412235507,1.11408460164327,42.7490177144831,11.3000009595246,"Declined",287,23
"T1216","2020-2025","EB-tree",-2.82942346294705,0.0645340670805642,-1.2679616957721,1.01859163578813,45.5183137242821,15.278874536822,"U-shaped",333,35
"T1217","2020-2025","DB-tree",-2.47596899041384,-0.0151255252615192,-0.577826035438576,1.01859163578813,44.1495812136918,9.45380361965858,"Declined",366,78
"T1218","2020-2025","EB-tree",-2.28724939313149,-0.0388758996415379,-0.389114515328875,1.01859163578813,31.067044891538,20.5309876588545,"Declined",357,93
"T1219","2020-2025","EB-tree",-2.94883618373477,-0.228991856705514,0.520835174698259,1.08225361302489,30.5577490736439,9.13549373347479,"Unimodal",476,88
"T1220","2020-2025","EB-tree",-2.35982388004759,-0.305761134923637,0.330865307640258,1.01859163578813,39.6295808298819,15.1197195937301,"Unimodal",569,129
"T1301","2020-2025","EB-tree",-1.42302105403128,-0.0022757459242826,-0.687770341504371,1.05042262440651,58.4098641147256,32.9450732200223,"Declined",125,51
"T1302","2020-2025","EB-tree",-2.25651765810391,-0.0241060055055526,-0.937770043170252,1.08225361302489,62.7070475782068,12.3185925953127,"Declined",291,51
"T1303","2020-2025","EB-tree",-2.33934230967846,0.0429691901725488,-1.3171537161638,1.01859163578813,58.2507091716337,12.4140855611678,"U-shaped",397,64
"T1304","2020-2025","EB-tree",-3.47531906550311,-0.168480590621665,0.318239740736933,1.11408460164327,58.5053570805807,10.5042262440651,"Unimodal",334,37
"T1305","2020-2025","EB-tree",-2.94772209661784,0.0260053355896308,-1.1367588107901,1.11408460164327,56.6591597407147,15.1197195937301,"U-shaped",356,32
"T1306","2020-2025","EB-tree",-2.67863625377262,0.019629349956084,-0.989507594794846,1.01859163578813,69.4552171653031,13.6236631286662,"U-shaped",282,39
"T1307","2020-2025","DB-tree",-2.52754655372189,-1.17761063414547,1.93313931906981,1.11408460164327,77.0309924564773,5.09295817894065,"Unimodal",211,16
"T1308","2020-2025","EB-tree",-2.80716718854541,-0.132228833609043,-0.5810608024282,0.986760647169751,70.0281749604339,8.40338099525207,"Declined",328,33
"T1309","2020-2025","EB-tree",-3.60702071960234,0.110549168529294,-0.978556238639102,1.05042262440651,41.2211302608009,28.966199642725,"U-shaped",276,21
"T1310","2020-2025","EB-tree",-2.8154957516528,0.0473660171896123,-1.09425526149597,1.14591559026165,54.749300423612,22.504508953194,"U-shaped",152,16
"T1311","2020-2025","DB-tree",-2.38961706245505,-0.365075259409722,-0.756413052105955,1.01859163578813,48.3831026999362,5.60225399683472,"Declined",329,27
"T1312","2020-2025","DB-tree",-2.47777382222526,-0.190928692933681,-0.553934240108496,1.11408460164327,49.0197224723038,7.32112738222719,"Declined",427,53
"T1313","2020-2025","DB-tree",-3.00877714431493,0.0350263260079827,-0.973129199646324,1.01859163578813,46.0912715194129,18.3983114214231,"U-shaped",407,43
"T1314","2020-2025","EB-tree",-2.26197165323303,0.116309177958878,-1.41831147470205,1.08225361302489,36.0963410932419,23.2684526800351,"U-shaped",309,52
"T1315","2020-2025","EB-tree",-2.23363515682179,-0.00258000292159979,-0.919101265402594,1.11408460164327,41.8259190445501,14.355775866889,"Declined",298,54
"T1316","2020-2025","EB-tree",-4.01623856560327,-0.108304887234215,0.591804479508317,1.08225361302489,54.4309905374282,13.4645081855743,"Unimodal",469,50
"T1317","2020-2025","EB-tree",-2.73613552927595,0.0581066979211236,-1.25721453629272,1.01859163578813,37.4014116265954,17.379719785635,"U-shaped",500,70
"T1318","2020-2025","EB-tree",-2.37812996068162,-0.0811381473718985,-0.481777981139881,0.986760647169751,44.5952150543491,20.0853538181972,"Declined",451,94
"T1319","2020-2025","EB-tree",-2.65666827714689,-0.251567621235323,0.191418476658477,1.01859163578813,30.0484532557498,12.6050714928781,"Declined",631,113
"T1320","2020-2025","EB-tree",-2.16720385458761,-0.0539806255065853,-0.754242682358057,0.954929658551372,33.2633831062061,18.6211283417518,"Declined",657,150
"T1401","2020-2025","EB-tree",-2.5281126108156,0.0705790965981792,-1.3879818013652,1.01859163578813,51.05690574388,29.9529602898947,"U-shaped",206,26
"T1402","2020-2025","EB-tree",-2.26187487762267,-0.361343999295389,-0.367316717914849,1.01859163578813,52.3619762772336,7.13014145051691,"Declined",173,24
"T1403","2020-2025","EB-tree",-2.29652635168264,-0.828425860770014,1.89511224901296,1.11408460164327,81.7101477833791,5.88873289440013,"Unimodal",158,36
"T1404","2020-2025","EB-tree",-2.34909762113558,-0.0026077652731603,-0.80412280017517,1.01859163578813,67.8000057571474,16.8704239677409,"Declined",329,65
"T1405","2020-2025","EB-tree",-2.76806199949887,0.0132189924423381,-0.737976823876377,1.05042262440651,70.0281749604339,23.1092977369432,"U-shaped",345,50
"T1406","2020-2025","DB-tree",-2.24552340948909,0.114601484669043,-1.93339574915136,1.05042262440651,63.6938082253765,52.3619762772336,"U-shaped",265,34
"T1407","2020-2025","EB-tree",-2.25370625738487,0.14165302451419,-1.91525912318348,1.01859163578813,33.2952140948245,17.5707057173452,"U-shaped",252,39
"T1408","2020-2025","EB-tree",-2.23456703647031,0.110428296173087,-1.88028417404945,1.01859163578813,53.2850749471666,29.1571855744352,"U-shaped",261,38
"T1409","2020-2025","EB-tree",-2.74186096177513,-0.916265350623708,1.25267124692557,1.11408460164327,28.043100972792,5.41126806500001,"Unimodal",242,19
"T1410","2020-2025","EB-tree",-2.3666584002023,-0.0474653587471415,-1.28170857742976,1.01859163578813,55.0676103097958,8.0532401204499,"Declined",336,45
"T1411","2020-2025","EB-tree",-2.59504422627231,-0.111818631008816,-0.720396894149656,0.986760647169751,32.5949323452202,7.48028232531908,"Declined",377,53
"T1412","2020-2025","DB-tree",-2.31290789094641,0.0511042191486896,-1.34613347116475,1.01859163578813,52.903103083746,30.653242039499,"U-shaped",363,62
"T1413","2020-2025","EB-tree",-2.79750948764655,0.00834032879129296,-0.674941009947813,1.05042262440651,38.7701441371857,17.1887338539247,"Declined",242,33
"T1414","2020-2025","DB-tree",-3.34357591704365,-0.0377440696848156,-0.795125931130241,1.01859163578813,43.0673276006669,14.6740857530728,"Declined",186,13
"T1415","2020-2025","EB-tree",-3.08964975824641,-0.00978004585274675,-0.623850728730764,1.01859163578813,36.1281720818602,15.9154943091895,"Declined",429,47
"T1416","2020-2025","EB-tree",-2.81755665616689,0.0349878809441572,-0.653744456761589,1.01859163578813,40.9983133404722,32.499439379365,"U-shaped",504,88
"T1417","2020-2025","EB-tree",-2.80522130819436,-0.0486285901243401,-0.309568116082517,1.01859163578813,38.7064821599489,22.7273258735227,"Declined",523,94
"T1418","2020-2025","EB-tree",-2.36144230022915,-0.319201325875068,0.303984234805432,1.05042262440651,44.5633840657307,7.32112738222719,"Declined",522,110
"T1419","2020-2025","EB-tree",-2.95865228021605,-0.0134158155050996,-0.498622538115751,1.14591559026165,34.6957775940332,20.2126777726707,"Declined",429,59
"T1420","2020-2025","EB-tree",-1.72852837816851,-0.198098015599895,-0.199716215899971,1.05042262440651,28.0749319614103,20.5628186474729,"Declined",554,172
"T1501","2020-2025","DB-tree",-2.81768301223818,0.00223650183031981,-0.916116073377873,1.01859163578813,53.7943707650606,15.5971844230057,"Declined",224,25
"T1502","2020-2025","EB-tree",-1.15141992951033,-0.137176940286429,-0.330682795457954,1.11408460164327,66.2084563262285,16.0746492522814,"Declined",72,30
"T1503","2020-2025","EB-tree",-1.63583418732411,-0.292453103948904,-0.54265893137514,1.11408460164327,60.3197234318283,7.4484513367007,"Declined",75,15
"T1504","2020-2025","EB-tree",-2.95910754670636,-0.171106237561923,-0.307417573490369,1.01859163578813,27.0563403256222,11.1726770050511,"Declined",137,14
"T1505","2020-2025","EB-tree",-2.65383348518674,0.0780114331067455,-1.15009329207892,1.11408460164327,64.9352167814933,36.6056369111359,"U-shaped",172,25
"T1506","2020-2025","EB-tree",-3.64397667866378,-0.0881111158988284,0.0517694617838906,1.01859163578813,42.5580317827728,20.6901426019464,"Declined",136,13
"T1507","2020-2025","DB-tree",-3.63415102029517,-0.36050845792642,0.735078657511184,1.08225361302489,70.3464848466177,9.86760647169751,"Unimodal",216,17
"T1508","2020-2025","EB-tree",-3.18557556899404,0.0393486876266397,-0.707309677563886,1.01859163578813,52.5211312203255,40.1070456591576,"U-shaped",232,28
"T1509","2020-2025","DB-tree",-2.32714384351341,-0.537867603389159,0.782561455923213,1.01859163578813,56.8183146838066,7.35295837084557,"Unimodal",245,42
"T1510","2020-2025","DB-tree",-2.44482956092045,-0.072076990202806,-1.292823063373,1.01859163578813,61.2746530903797,8.94450780176452,"Declined",236,29
"T1511","2020-2025","DB-tree",-2.44911320283731,-0.158010822809226,-0.576449309393644,1.08225361302489,50.7067648690779,7.03464848466177,"Declined",175,25
"T1512","2020-2025","DB-tree",-3.45793475380391,-0.504281710458948,1.33432786180644,1.01859163578813,49.4971873015795,6.20704278058392,"Unimodal",169,18
"T1513","2020-2025","EB-tree",-3.01405672230792,0.00344585642253444,-0.2141952587534,1.01859163578813,44.3723981340204,28.9025376654882,"Declined",280,52
"T1514","2020-2025","EB-tree",-2.59515362346037,-0.0164532625948947,-0.877774087717382,1.01859163578813,37.2422566835035,10.3450713009732,"Declined",446,66
"T1515","2020-2025","DB-tree",-3.19023352285694,-0.00894959540061738,-1.02871831072015,1.01859163578813,47.9056378706605,9.54929658551372,"Declined",493,44
"T1516","2020-2025","DB-tree",-3.5686110045094,0.0211749459886829,-0.385491020099482,1.01859163578813,47.3008490869113,28.6478897565412,"U-shaped",319,32
"T1517","2020-2025","EB-tree",-3.19186178295779,-0.0452175571018976,-0.152380994027733,1.01859163578813,37.4650736038322,19.0349311937907,"Declined",414,60
"T1518","2020-2025","DB-tree",-2.56844155469025,0.00825750082383311,-0.920513625807285,1.01859163578813,42.9718346348117,8.91267681314614,"Declined",431,74
"T1519","2020-2025","EB-tree",-2.26260767556391,0.0527870531578395,-0.889815945105894,1.01859163578813,35.4915523094927,23.3321146572719,"U-shaped",401,101
"T1520","2020-2025","EB-tree",-2.58659004301464,0.0189561519592952,-0.46759011651398,1.01859163578813,42.0487359648787,42.0487359648787,"U-shaped",447,100
"T1601","2020-2025","DB-tree",-3.83205574756378,-0.64976724189119,1.51534930300037,1.17774657888003,82.8242323850223,7.16197243913529,"Unimodal",101,5
"T1602","2020-2025","EB-tree",-2.5522405448264,-0.155938051266773,-0.317925787126254,1.17774657888003,51.8845114479579,12.8278884132068,"Declined",139,18
"T1603","2020-2025","DB-tree",-4.24500027906912,-0.246190802680536,1.34776998545545,1.08225361302489,87.0577538712668,14.2602829010338,"Unimodal",129,15
"T1604","2020-2025","EB-tree",-2.53287433465285,-0.0882698370266777,-0.36902115121013,1.11408460164327,65.0943717245852,14.5467617985992,"Declined",212,37
"T1605","2020-2025","EB-tree",-2.99688379617086,0.0602939114837685,-1.1098087315382,0.954929658551372,69.0732453018826,31.3853547777218,"U-shaped",318,36
"T1606","2020-2025","EB-tree",-3.31189332916866,-0.15923234908493,-0.109742313198912,0.986760647169751,83.301697214298,11.841127766037,"Declined",190,18
"T1607","2020-2025","EB-tree",-3.27773376402033,0.00915357075379317,-0.350937202605973,1.01859163578813,41.5712711356031,39.0247920461327,"U-shaped",186,24
"T1608","2020-2025","DB-tree",-3.15995152278644,-0.132582581745897,-0.102486075199779,0.986760647169751,75.7577529117422,11.9047897432738,"Declined",197,24
"T1609","2020-2025","EB-tree",-3.17007279788245,-0.0241484313272573,-0.332258279907341,1.01859163578813,34.7276085826516,27.374650211806,"Declined",125,16
"T1610","2020-2025","EB-tree",-2.70807267758422,-0.182061068105057,-0.834619661373069,0.986760647169751,41.5076091583663,8.94450780176452,"Declined",133,12
"T1611","2020-2025","EB-tree",-2.62020358935108,-0.944870230406746,1.65833508369514,0.954929658551372,62.5478926351149,5.25211312203255,"Unimodal",169,18
"T1612","2020-2025","EB-tree",-3.02202815483729,-0.0728364360204922,-0.564907392345526,1.08225361302489,51.3115536528271,13.4963391741927,"Declined",201,21
"T1613","2020-2025","DB-tree",-2.85831590190594,0.0338411805667069,-0.87858207951161,0.986760647169751,49.3380323584876,18.2073254897128,"U-shaped",265,37
"T1614","2020-2025","DB-tree",-2.45722592438917,-0.0391093180160812,-0.83273098495402,0.986760647169751,70.0281749604339,18.0163395580026,"Declined",272,42
"T1615","2020-2025","EB-tree",-2.83942967852089,0.137744929370167,-1.70626322212677,1.08225361302489,46.2185954738864,31.0352139029196,"U-shaped",225,21
"T1616","2020-2025","EB-tree",-2.7720720368505,-0.117538719812328,-0.347717058352141,1.11408460164327,52.8394411065093,10.7270431643937,"Declined",340,49
"T1617","2020-2025","EB-tree",-2.53795427747678,0.0824152795483036,-1.20554948152325,1.14591559026165,49.5926802674346,39.1839469892246,"U-shaped",326,48
"T1618","2020-2025","EB-tree",-2.93022522550996,-0.132692963659302,0.246664503085328,1.08225361302489,41.6031021242214,11.1408460164327,"Unimodal",374,71
"T1619","2020-2025","EB-tree",-2.3530918044274,-0.0234951462419986,-0.838683107474966,1.01859163578813,39.7887357729738,12.095775674984,"Declined",333,64
"T1620","2020-2025","DB-tree",-2.64916204114025,0.0570497423821102,-0.839178508835978,1.05042262440651,43.6084544071793,43.6084544071793,"U-shaped",322,55
"T1701","2020-2025","EB-tree",-2.47714998761976,-1.05874605147316,2.03094156208298,1.11408460164327,40.4253555453414,6.30253574643906,"Unimodal",169,20
"T1702","2020-2025","DB-tree",-2.83891828511742,0.0996196895800117,-1.68126176302304,1.01859163578813,56.7546527065699,28.3295798703574,"U-shaped",77,8
"T1703","2020-2025","DB-tree",-3.32213976849041,-0.131820231078856,0.481609239416245,1.01859163578813,70.9831046189853,10.663381187157,"Unimodal",72,12
"T1704","2020-2025","DB-tree",-2.87200601626654,0.105130124053217,-1.02069203677098,1.01859163578813,61.3383150676165,61.3383150676165,"U-shaped",89,15
"T1705","2020-2025","EB-tree",-4.02217963287339,-4.45211272947929,11.5183118494881,1.08225361302489,62.2295827489311,3.5014087480217,"Unimodal",157,4
"T1706","2020-2025","EB-tree",-3.22456226523431,-0.0955527554837214,0.29081737828695,1.11408460164327,40.8391583973803,10.9816910733408,"Unimodal",133,23
"T1707","2020-2025","DB-tree",-2.34996943973589,-2.1092407413465,5.20321535216926,1.17774657888003,76.7126825702936,4.2653524748628,"Unimodal",95,14
"T1708","2020-2025","EB-tree",-2.9776322038091,-0.358199007656289,0.548725753150879,1.01859163578813,85.4662044403478,7.95774715459477,"Unimodal",184,24
"T1709","2020-2025","EB-tree",-3.90686765249378,-0.0652486331834494,0.00666227195803425,1.01859163578813,46.1549334966496,21.9633821466816,"Declined",147,11
"T1710","2020-2025","EB-tree",-3.14162514717132,-0.0295840289605575,-0.54237542671523,1.01859163578813,45.9002855877026,19.6397199775399,"Declined",130,14
"T1711","2020-2025","EB-tree",-4.07014967355291,-0.0350609983862022,0.357701024037982,1.08225361302489,58.9191599326197,16.3611281498468,"Unimodal",176,19
"T1712","2020-2025","EB-tree",-3.43515538548838,0.0543743924904587,-0.77018152623704,1.01859163578813,45.3591587811902,27.5338051548979,"U-shaped",168,15
"T1713","2020-2025","EB-tree",-2.86066658172414,0.00751219637076223,-0.674189666189802,1.05042262440651,36.6374678997543,25.52845287194,"Declined",118,16
"T1714","2020-2025","EB-tree",-1.98742052297116,-0.680708194577158,0.720875398211446,1.01859163578813,43.9267642933631,5.41126806512444,"Unimodal",205,36
"T1715","2020-2025","DB-tree",-3.39715987841744,-0.162299841652667,0.0201374898908859,1.01859163578813,52.2028213341417,10.2814093237364,"Declined",302,28
"T1716","2020-2025","EB-tree",-3.89451292470926,-0.181311915481055,0.415840834456805,1.01859163578813,56.8183146838066,15.5016914571506,"Unimodal",323,25
"T1717","2020-2025","EB-tree",-2.73915660025032,-0.0531468314371127,-0.313442587484727,1.11408460164327,42.3352148624442,14.1329589465603,"Declined",354,62
"T1718","2020-2025","EB-tree",-3.52645094855839,-0.221875019260375,0.885158753703715,1.11408460164327,49.5926802674346,12.095775674984,"Unimodal",265,39
"T1719","2020-2025","EB-tree",-2.02931909306123,-0.115579907560933,-0.105381237446117,1.01859163578813,40.4890175225782,26.1332416556892,"Declined",180,57
"T1720","2020-2025","EB-tree",-2.20412284131594,-0.369329792424481,0.389148095119378,1.08225361302489,41.1892992721825,9.5811275741321,"Declined",313,71
"T1801","2020-2025","EB-tree",-2.80233631286464,-0.0303660789093454,-0.874314424178318,1.05042262440651,52.3619762772336,16.7431000132674,"Declined",275,33
"T1802","2020-2025","EB-tree",-1.75208408332288,-0.729455705674512,0.184894805142825,1.01859163578813,41.8577500331685,7.32112738222719,"Declined",375,55
"T1803","2020-2025","EB-tree",-2.63638151215915,0.0342525738014546,-1.76223099592942,1.01859163578813,50.2929620170389,8.27605704077856,"Declined",289,27
"T1804","2020-2025","EB-tree",-2.44484622141411,0.105668449414738,-1.96286018409507,1.05042262440651,55.3859201959796,27.4383121890428,"U-shaped",300,28
"T1805","2020-2025","EB-tree",-3.11385169560232,0.157815978544848,-1.18780231455273,1.01859163578813,29.5073264492374,27.0881713142406,"U-shaped",305,35
"T1806","2020-2025","EB-tree",-2.07362554774151,-0.0258265442239546,-0.79226521442883,1.01859163578813,63.3436673505743,26.9926783483854,"Declined",287,65
"T1807","2020-2025","EB-tree",-1.90979402848621,-0.276252472348487,-0.59253386583103,1.01859163578813,49.4971873015795,6.36619772367581,"Declined",265,52
"T1808","2020-2025","DB-tree",-2.92557514812063,-0.000734318403592329,-0.485143383974665,1.11408460164327,69.7098650742502,33.5180310151532,"Declined",263,38
"T1809","2020-2025","DB-tree",-3.04918786691134,-0.221059719831077,-0.0725011406236453,1.11408460164327,52.5847931975622,7.63943726841098,"Declined",189,18
"T1810","2020-2025","EB-tree",-0.970563043813781,-0.837965457311439,0.606559764557555,1.11408460164327,61.1791601245246,6.0797188261104,"Declined",219,58
"T1811","2020-2025","EB-tree",-1.52067843943023,-1.71651287976519,3.04208383958848,1.14591559026165,52.6802861634174,4.32901445209955,"Unimodal",113,15
"T1812","2020-2025","EB-tree",-3.23867531947495,0.0140702907518937,-0.751697721534175,1.05042262440651,58.7281740009094,25.9422557239789,"U-shaped",226,21
"T1813","2020-2025","DB-tree",-2.80935638847438,-1.05393977707981,2.68920941249438,1.05042262440651,51.4070466186822,7.48028232531908,"Unimodal",256,39
"T1814","2020-2025","EB-tree",-3.17527587537929,-0.172570293339929,0.254018133531729,1.05042262440651,54.749300423612,8.46704297248883,"Unimodal",263,35
"T1815","2020-2025","EB-tree",-3.28678947262211,0.043192160296617,-0.719781564774196,1.05042262440651,57.2957795130823,42.653524748628,"U-shaped",247,26
"T1816","2020-2025","EB-tree",-3.71425764685337,-0.201290000156661,0.908665669073514,1.05042262440651,47.2690180982929,15.1197195937301,"Unimodal",217,29
"T1817","2020-2025","DB-tree",-2.42066105143973,-0.499810543260421,0.728267109176119,1.11408460164327,54.5901454805201,5.09295817894065,"Unimodal",325,58
"T1818","2020-2025","EB-tree",-3.06579951601882,-0.174109980209334,0.411796579386762,1.08225361302489,44.085919236455,13.5281701628111,"Unimodal",266,44
"T1819","2020-2025","EB-tree",-2.44300263716281,-0.0318279426834678,-0.495199778394904,1.01859163578813,55.2267652528877,29.7619743581844,"Declined",225,47
"T1820","2020-2025","EB-tree",-1.52445548826227,-0.01550034211405,-0.684568460802982,1.01859163578813,35.1095804460721,22.2816920328653,"Declined",293,112
"T1901","2020-2025","EB-tree",-0.214584276524131,-3.17860026174752,5.57838359914619,1.08225361302489,57.2957795130823,4.32901445209955,"Unimodal",313,47
"T1902","2020-2025","EB-tree",-2.28469419012743,0.10241265130865,-1.92601434096128,0.986760647169751,63.0253574643906,21.326762374314,"U-shaped",394,48
"T1903","2020-2025","DB-tree",-3.19751206631456,-0.0108219380166459,-0.40415042328868,1.01859163578813,56.9774696268985,16.456621115702,"Declined",406,52
"T1904","2020-2025","DB-tree",-2.45402777730506,0.0678491399824304,-1.25103970660772,1.05042262440651,58.8873289440013,45.7092996559923,"U-shaped",348,48
"T1905","2020-2025","EB-tree",-2.601191193324,-0.130256718865193,-0.733916620804767,1.01859163578813,46.6323983259253,10.5042262440651,"Declined",390,48
"T1906","2020-2025","EB-tree",-2.15915059756245,-0.154975928296675,-0.717725566869429,1.01859163578813,45.9957785535578,10.0267614147894,"Declined",236,40
"T1907","2020-2025","EB-tree",-2.38951773906372,-0.0587738317479068,-0.604278481479825,1.01859163578813,57.2321175358456,15.7563393660976,"Declined",311,56
"T1908","2020-2025","EB-tree",-2.67431533539006,-0.0525867888882679,-0.603971469087353,1.01859163578813,59.1419768529483,12.8597194018251,"Declined",287,43
"T1909","2020-2025","EB-tree",-2.90107767966376,0.0289488299351932,-0.939624077534842,1.01859163578813,59.364793773277,29.7619743581844,"U-shaped",309,37
"T1910","2020-2025","EB-tree",-3.53620922311199,-0.00479782781705941,-0.0315686990094306,1.01859163578813,47.1416941438194,34.2183127647575,"Declined",308,40
"T1911","2020-2025","EB-tree",-2.72168366400382,0.0870501894090079,-1.1703303695701,1.01859163578813,48.70141258612,37.1467637176484,"U-shaped",233,33
"T1912","2020-2025","EB-tree",-2.38101342219682,0.0568810767315926,-1.3599907218299,1.01859163578813,51.2478916755903,20.0535228295788,"U-shaped",182,31
"T1913","2020-2025","EB-tree",-2.30283807059076,-0.28279730475012,-0.0437574972464272,1.01859163578813,44.1495812136918,6.65267662124123,"Declined",301,59
"T1914","2020-2025","EB-tree",-2.48277920800566,-0.0180898307588717,-0.474730398756185,1.01859163578813,51.8845114479579,39.1839469892246,"Declined",227,48
"T1915","2020-2025","DB-tree",-4.03983539040902,-0.00804750352268534,0.085407432812749,1.01859163578813,51.725356504866,39.5340878640268,"Unimodal",217,20
"T1916","2020-2025","DB-tree",-2.70265114403316,-0.111177334242748,-0.173438787892354,1.01859163578813,74.0070485377313,22.1225370897735,"Declined",270,49
"T1917","2020-2025","EB-tree",-2.91189537785588,-0.239050331228929,-0.249552111933557,1.05042262440651,45.2954968039534,8.43521198387045,"Declined",213,20
"T1918","2020-2025","EB-tree",-2.95158606269698,-0.130972092917378,-0.0259343594666237,1.11408460164327,48.3831026999362,13.5281701628111,"Declined",231,33
"T1919","2020-2025","EB-tree",-3.02324595692582,-0.0738653906268184,0.216952388385031,1.11408460164327,43.4811304527058,43.4811304527058,"Unimodal",311,62
"T1920","2020-2025","EB-tree",-2.6447460205658,-0.383533051878515,0.928501962722659,1.01859163578813,38.038031398963,9.45380361965858,"Unimodal",247,47
"T2001","2020-2025","DB-tree",-2.03560014032871,0.0748816490768816,-1.61916190913278,1.01859163578813,84.5112747817964,30.0484532557498,"U-shaped",354,56
"T2002","2020-2025","EB-tree",-2.89489327950667,0.0475760325434992,-1.34434590422558,1.01859163578813,42.3352148624442,15.533522445769,"U-shaped",327,33
"T2003","2020-2025","EB-tree",-3.91451962743274,-0.0855788698213594,0.267901826306909,1.01859163578813,37.4014116265954,15.7563393660976,"Unimodal",444,40
"T2004","2020-2025","EB-tree",-1.24632695448643,-2.40597776701746,3.61297678701802,1.01859163578813,37.2422566835035,3.88338061144225,"Unimodal",493,47
"T2005","2020-2025","EB-tree",-2.57931343366305,0.0694207806103201,-1.4342257916025,1.01859163578813,45.5501447129004,23.3957766345086,"U-shaped",430,59
"T2006","2020-2025","DB-tree",-3.13225697326054,-0.0811541643476548,-0.231480024880633,1.01859163578813,58.2825401602521,16.2656351839917,"Declined",346,42
"T2007","2020-2025","EB-tree",-2.83330600394969,-0.20282926818634,0.0130395429876825,1.01859163578813,41.4121161925112,12.1594376522208,"Declined",383,56
"T2008","2020-2025","DB-tree",-2.6513747791534,0.0440085489247838,-1.09842830509628,1.01859163578813,52.9349340723644,22.249861044247,"U-shaped",332,46
"T2009","2020-2025","EB-tree",-2.61082032787794,-0.0199235256772908,-1.1032711515863,1.01859163578813,57.9642302740683,8.30788802939694,"Declined",350,39
"T2010","2020-2025","EB-tree",-2.84982713577044,-0.0777849641485033,-0.550164696081413,1.05042262440651,37.1785947062668,7.79859221150287,"Declined",376,48
"T2011","2020-2025","EB-tree",-3.03806456339762,0.0366643247957992,-0.999794995187235,1.05042262440651,48.1284547909891,16.965916933596,"U-shaped",367,40
"T2012","2020-2025","EB-tree",-3.45359610400291,-1.72244221595878,5.09214324793042,1.08225361302489,45.3909897698085,5.12478916755903,"Unimodal",161,15
"T2013","2020-2025","EB-tree",-0.0150897166999038,-3.2465783465779,5.51139887573646,1.08225361302489,53.157750992693,3.31042281631142,"Unimodal",124,20
"T2014","2020-2025","EB-tree",-1.87590104691297,-1.74424081489005,2.84988346223494,1.05042262440651,42.7490177144831,4.45633840657307,"Unimodal",113,11
"T2015","2020-2025","EB-tree",-1.70820072043863,-2.01238789850004,4.23850060017067,1.05042262440651,48.70141258612,4.77464829275686,"Unimodal",133,21
"T2016","2020-2025","DB-tree",-2.98261070410836,-0.559815544370257,1.27320287440521,1.01859163578813,65.412681610769,6.78000057571474,"Unimodal",171,23
"T2017","2020-2025","DB-tree",-2.33345532620426,0.0480617309617847,-1.14543122008636,1.14591559026165,40.9028203746171,17.2523958311615,"U-shaped",198,33
"T2018","2020-2025","EB-tree",-2.31564753779838,-0.0831233721357165,-0.44578388943279,1.05042262440651,52.7757791292725,14.5467617985992,"Declined",151,29
"T2019","2020-2025","DB-tree",-1.83354043630477,0.0495768949186739,-1.16812755735351,1.05042262440651,42.8126796917199,33.9636648558105,"U-shaped",144,31
"T2020","2020-2025","DB-tree",-3.20342900420133,0.0237479979456112,-0.242422212995975,1.3687325105903,45.9957785535578,30.653242039499,"U-shaped",55,9
"T2101","2020-2025","EB-tree",-2.7785754330096,0.0998109820486753,-1.38166265790528,1.01859163578813,62.3250757147862,43.3538064982323,"U-shaped",396,56
"T2102","2020-2025","EB-tree",-3.03287162393817,0.0853598358981563,-0.856888576353188,1.01859163578813,37.9107074444895,33.8681718899553,"U-shaped",330,47
"T2103","2020-2025","EB-tree",-3.92813726766223,0.0297908749724417,-0.253404615026528,1.01859163578813,43.5766234185609,31.5445097208137,"U-shaped",316,28
"T2104","2020-2025","EB-tree",-2.89224202624451,-0.0202556167625393,-0.802604941682851,1.01859163578813,43.3538064982323,11.9684517205105,"Declined",361,44
"T2105","2020-2025","EB-tree",-3.06553097335542,-0.076516730650293,-0.604475453965501,1.01859163578813,58.8873289440013,13.8783110376133,"Declined",382,41
"T2106","2020-2025","EB-tree",-3.38923405776193,0.0577464796898819,-0.710206667555693,1.01859163578813,43.5129614413242,40.9664823518539,"U-shaped",400,43
"T2107","2020-2025","EB-tree",-3.18927073294517,0.116769179447878,-1.5504349141655,1.11408460164327,45.5819757015188,38.7064821599489,"U-shaped",339,23
"T2108","2020-2025","DB-tree",-2.72570727329291,-0.0148459410173646,-1.00350545545252,1.01859163578813,40.1707076363944,10.3450713009732,"Declined",331,31
"T2109","2020-2025","DB-tree",-2.45636129026531,0.0312321346320189,-1.10982679581882,1.08225361302489,45.2000038380983,21.4859173174059,"U-shaped",453,67
"T2110","2020-2025","EB-tree",-2.77677832639881,0.105613772983275,-1.11688307688524,1.05042262440651,44.7225390088226,28.5205658020676,"U-shaped",412,58
"T2111","2020-2025","EB-tree",-2.65811301518109,-0.00774472232813618,-0.930365440994018,1.05042262440651,37.4014116265954,11.4591559026165,"Declined",330,43
"T2112","2020-2025","EB-tree",-2.20588354107475,-0.164705180227775,-0.247170487631502,1.11408460164327,43.7676093502712,9.10366274485641,"Declined",272,57
"T2113","2020-2025","EB-tree",-2.42929427671486,0.0665399713798285,-1.17189630569289,1.01859163578813,36.7329608656094,36.7329608656094,"U-shaped",135,23
"T2114","2020-2025","EB-tree",-2.67071272466232,-0.0710072423084322,-0.233442747396677,1.05042262440651,71.3332454937875,11.7774657888003,"Declined",201,36
"T2115","2020-2025","EB-tree",-2.59784269033967,-0.367569516812417,1.25748822007845,1.05042262440651,38.4200032623835,10.9498600847224,"Unimodal",126,35
"T2116","2020-2025","EB-tree",-2.2582485261117,-0.252014885733715,0.246895984468521,1.01859163578813,45.677468667374,11.1090150278143,"Declined",185,44
"T2117","2020-2025","EB-tree",-1.81200734796084,-0.0828580773845268,-0.90113657891381,1.01859163578813,34.9185945143618,8.88084582452776,"Declined",458,116
"T2118","2020-2025","EB-tree",-2.42038988591164,-0.0522420390452175,-0.647609961275325,1.01859163578813,39.0884540233695,17.634367694582,"Declined",242,43
"T2119","2020-2025","EB-tree",-2.53527647562509,-0.160852132491317,0.303377243191076,1.01859163578813,36.9557777859381,17.9526775807658,"Unimodal",227,54
"T2120","2020-2025","DB-tree",-2.60769012586891,-0.718849096526047,1.88611142565163,1.2095775674984,68.4684565181334,6.81183156433312,"Unimodal",56,7
"T2201","2020-2025","EB-tree",-2.46128481846601,-0.497226785840472,-0.103517726870959,1.05042262440651,59.0464838870932,5.88873289440013,"Declined",348,33
"T2202","2020-2025","EB-tree",-2.44377525919622,-0.0792485396664494,-0.918433117458705,1.05042262440651,40.2662006022495,13.4008462083376,"Declined",395,53
"T2203","2020-2025","EB-tree",-3.14344407285046,0.0548617251036119,-0.577562983095231,1.01859163578813,40.2980315908679,30.0166222671315,"U-shaped",377,52
"T2204","2020-2025","EB-tree",-3.18935199273273,-0.0502861275491568,-0.364784228234797,1.05042262440651,42.7490177144831,14.6422547644544,"Declined",347,38
"T2205","2020-2025","EB-tree",-3.28356050565695,-0.0496882775675452,-0.0819477504336495,1.05042262440651,51.7890184821027,16.0109872750447,"Declined",338,45
"T2206","2020-2025","EB-tree",-3.34444593008571,0.0734571918365372,-0.825405642133001,0.923098669932993,40.5845104884333,32.5949323452202,"U-shaped",358,36
"T2207","2020-2025","EB-tree",-3.20383706436935,-0.064265313085458,-0.801906371157761,0.986760647169751,34.7276085826516,8.59436692696235,"Declined",465,39
"T2208","2020-2025","EB-tree",-2.6380498925856,0.117241159512323,-1.46854685271093,0.986760647169751,51.4070466186822,51.4070466186822,"U-shaped",448,63
"T2209","2020-2025","EB-tree",-2.15336286408486,0.0740381634124979,-1.44167460249656,0.954929658551372,44.3723981340204,34.4729606737045,"U-shaped",400,65
"T2210","2020-2025","EB-tree",-3.19319899825053,-0.022334936513794,-0.32019880056341,1.01859163578813,36.2236650477154,25.4647908947033,"Declined",458,60
"T2211","2020-2025","EB-tree",-2.01932823170287,0.138608943783357,-1.66122070159268,1.01859163578813,47.109863155201,29.1571855744352,"U-shaped",342,76
"T2212","2020-2025","EB-tree",-2.08737348224804,0.0440060990857142,-0.978194653687495,1.11408460164327,44.085919236455,28.4887348134493,"U-shaped",265,65
"T2213","2020-2025","EB-tree",-2.47157431864282,-0.145331386021789,0.155340221301478,1.11408460164327,64.6169068953095,19.0985931710274,"Declined",183,42
"T2214","2020-2025","EB-tree",-1.90555259314727,-0.593532808736443,1.26736034333587,1.05042262440651,36.2236650477154,14.6422547644544,"Unimodal",201,60
"T2215","2020-2025","EB-tree",-2.30006844694931,-0.0614370472860167,-0.00742621210258562,1.11408460164327,34.6957775940332,21.0084524881302,"Declined",157,48
"T2216","2020-2025","DB-tree",-2.82513888536605,-0.33843483784007,0.906594671466913,1.08225361302489,42.8126796917199,12.9233813790619,"Unimodal",146,25
"T2217","2020-2025","DB-tree",-3.37252555790681,-0.0581548327662305,0.0171775090870902,1.17774657888003,52.2664833113784,20.2126777726707,"Declined",190,23
"T2218","2020-2025","EB-tree",-3.92711493565381,-0.101077470691191,0.787588847412557,1.27323954473516,39.1202850119879,21.1994384198405,"Unimodal",136,21
"T2219","2020-2025","EB-tree",-2.25154028886057,-0.195255806234245,-0.0594901863621449,1.05042262440651,39.5977498412636,17.8571846149107,"Declined",193,39
"T2220","2020-2025","DB-tree",-1.26764446835689,0.0155295348749044,-0.775040638421181,1.14591559026165,37.3377496493586,29.1253545858168,"Declined",59,20
"T2301","2020-2025","EB-tree",-4.69195815615952,-0.114827578609095,-0.0223284489581136,1.01859163578813,66.1766253376101,9.54929658551372,"Declined",326,10
"T2302","2020-2025","EB-tree",-2.79880027188898,-0.26869641829106,-0.775041773232259,1.11408460164327,45.2000038380983,6.04788783749202,"Declined",303,21
"T2303","2020-2025","EB-tree",-3.10336914363716,0.00795381690126347,-0.332377664342473,1.05042262440651,66.845076098596,27.5656361435163,"U-shaped",297,46
"T2304","2020-2025","EB-tree",-3.52552556441995,0.0289985471774163,-0.498489650704611,1.01859163578813,43.7039473730345,20.2126777726707,"U-shaped",305,31
"T2305","2020-2025","EB-tree",-2.3603450415843,-0.285759281432447,-0.681037604802725,1.01859163578813,60.4788783749202,7.13014145051691,"Declined",436,57
"T2306","2020-2025","EB-tree",-1.9931466296283,0.133128420674279,-2.43942994752092,1.11408460164327,41.6349331128398,10.9498600847224,"U-shaped",467,53
"T2307","2020-2025","EB-tree",-2.89031265604799,-0.037348251339362,-0.59900612165862,1.01859163578813,40.7436654315252,12.6687334701149,"Declined",447,62
"T2308","2020-2025","DB-tree",-3.00244997463016,0.0462257890047095,-0.724281580170328,1.05042262440651,43.5447924299426,23.5867625662189,"U-shaped",432,57
"T2309","2020-2025","DB-tree",-2.26336298313075,0.00330183718384609,-1.10071349387266,1.01859163578813,49.4971873015795,13.1143673107722,"Declined",361,62
"T2310","2020-2025","EB-tree",-2.71282591467938,0.113938020623268,-1.19170173994435,1.05042262440651,41.9532429990236,39.884228738829,"U-shaped",369,53
"T2311","2020-2025","DB-tree",-2.48243926832581,0.0345043031513024,-1.02067572014736,1.01859163578813,41.1256372949458,17.4115507742534,"U-shaped",203,32
"T2312","2020-2025","EB-tree",-2.52882934660898,0.0293358065345772,-0.962033264947341,1.01859163578813,44.7862009860593,30.3349321533153,"U-shaped",244,43
"T2313","2020-2025","EB-tree",-3.19621696864583,-0.0706173399849366,0.186334951946955,1.11408460164327,65.8901464400447,33.422538049298,"Unimodal",157,25
"T2314","2020-2025","EB-tree",-1.98491325446814,-0.00882679607686835,-0.515578259318303,1.11408460164327,36.0008481273867,24.8281711223357,"Declined",244,71
"T2315","2020-2025","EB-tree",-2.11588213806338,-0.267960587301838,0.383784886514774,1.01859163578813,67.1633859847798,10.0267614147894,"Unimodal",179,48
"T2316","2020-2025","DB-tree",-5.70607411840745,-5.18635477213841,17.4550530019959,1.27323954473516,49.6563422446713,4.39267642933631,"Unimodal",52,8
"T2317","2020-2025","DB-tree",-1.50446901522331,-0.0960940552386759,-0.77689726584659,1.43239448782706,43.0354966120485,16.9340859449777,"Declined",76,16
"T2318","2020-2025","DB-tree",-2.23708969669473,-0.107492222178103,-0.647148148675279,2.10084524881302,60.4788783749202,14.1647899351787,"Declined",41,4
"T2319","2020-2025","DB-tree",-2.16825762480668,-0.0902788161325375,-0.00158854905932004,1.3687325105903,34.3138057306126,23.3957766345086,"Declined",50,15
"T2320","2020-2025","DB-tree",-2.81699413315019,-0.366569889059854,0.611433548891125,1.11408460164327,45.9957785535578,8.0532401204499,"Unimodal",130,18
"T2401","2020-2025","EB-tree",-2.97153848600363,0.0625426130043462,-1.31021703145582,1.01859163578813,48.3831026999362,23.1092977369432,"U-shaped",296,26
"T2402","2020-2025","EB-tree",-2.31396969073878,0.0214327120754034,-1.82120178987946,1.11408460164327,45.3273277925718,8.78535285867262,"Declined",242,24
"T2403","2020-2025","EB-tree",-2.61813299396835,0.0930538175792819,-1.62391198743096,0.954929658551372,51.8845114479579,22.1543680783918,"U-shaped",402,45
"T2404","2020-2025","EB-tree",-3.08665214597819,0.0376398072905255,-0.665366616981695,0.954929658551372,58.2507091716337,30.5577490736439,"U-shaped",353,46
"T2405","2020-2025","DB-tree",-2.9201202199779,0.0991842959932577,-1.25275341887552,1.17774657888003,43.6084544071793,31.5126787321953,"U-shaped",303,32
"T2406","2020-2025","EB-tree",-2.2463420300984,0.0290534234159505,-1.478824730335,1.11408460164327,41.061975317709,16.0746492522814,"Declined",399,54
"T2407","2020-2025","DB-tree",-3.05038121828671,-0.0748093192719685,-0.780784265666779,1.11408460164327,48.0647928137524,11.4591559026165,"Declined",379,30
"T2408","2020-2025","DB-tree",-2.2348201501306,-0.0205962310312449,-1.32639280562619,0.954929658551372,42.4943698055361,9.42197263104021,"Declined",263,37
"T2409","2020-2025","EB-tree",-2.43578973174139,-0.0128456500391068,-0.76118422953191,1.05042262440651,45.1363418608615,8.11690209768666,"Declined",556,106
"T2410","2020-2025","EB-tree",-2.38391500649372,0.055988665986419,-1.36333593131572,1.05042262440651,44.340567145402,27.8521150410817,"U-shaped",430,67
"T2411","2020-2025","EB-tree",-3.10230255447464,0.098850601865117,-1.10202497586576,1.05042262440651,42.3352148624442,40.7436654315252,"U-shaped",370,43
"T2412","2020-2025","EB-tree",-2.50469954722016,0.0636553389226533,-1.15023940600392,1.01859163578813,40.8391583973803,40.8391583973803,"U-shaped",318,59
"T2413","2020-2025","EB-tree",-2.755148765368,-0.178743520324718,0.181676316136631,1.01859163578813,39.9478907160657,10.2177473464997,"Declined",225,40
"T2414","2020-2025","EB-tree",-2.60214664130812,-0.041343357777056,-0.280357431640258,1.01859163578813,43.6084544071793,28.2659178931206,"Declined",243,51
"T2415","2020-2025","DB-tree",-2.67875224565029,-0.0757131008651882,-0.0133021734094739,1.01859163578813,71.9380342775367,17.5070437401085,"Declined",138,29
"T2416","2020-2025","DB-tree",-2.38694104388098,-0.569739236128324,1.5777389032715,1.05042262440651,59.8422586025526,10.1859163578813,"Unimodal",130,32
"T2417","2020-2025","DB-tree",-4.07287773189086,0.087706516949849,-0.579155727921161,1.27323954473516,61.2746530903797,61.2746530903797,"U-shaped",60,6
"T2418","2020-2025","DB-tree",-3.59800357602047,-0.221846943991746,1.40821640871474,1.11408460164327,68.1183156433312,21.9633821466816,"Unimodal",44,11
"T2419","2020-2025","EB-tree",-2.43287626440031,-1.51697967123111,4.65843101458301,1.05042262440651,41.6349331128398,6.36619772367581,"Unimodal",93,23
"T2420","2020-2025","EB-tree",-2.33872402049262,0.0481293635982526,-0.771367796297237,1.05042262440651,43.7994403388896,36.1600030704786,"U-shaped",191,40
"T2501","2020-2025","EB-tree",-2.11975950427138,-0.738982129160267,0.309188757020087,1.08225361302489,55.0994412984142,6.0797188261104,"Declined",209,20
"T2502","2020-2025","EB-tree",-2.60320074308949,-0.244629860609892,-0.185578265520332,1.05042262440651,67.8000057571474,5.4749300423612,"Declined",338,51
"T2503","2020-2025","DB-tree",-3.25444748295298,0.0255421848215064,-0.761916389322729,1.11408460164327,78.9408517735801,32.1492985045629,"U-shaped",402,39
"T2504","2020-2025","EB-tree",-1.78017538477639,-0.763477641669401,-0.370707668272284,1.11408460164327,39.0884540233695,5.09295817894065,"Declined",318,29
"T2505","2020-2025","EB-tree",-2.43823316502596,-1.24182053448467,2.31300011751919,1.11408460164327,65.2535266676771,6.04788783749202,"Unimodal",187,17
"T2506","2020-2025","EB-tree",-2.74462673288317,-0.219067963361757,-0.0335132065968132,1.11408460164327,42.908172657575,9.93126844893427,"Declined",276,39
"T2507","2020-2025","EB-tree",-3.32118606679538,0.0217391024581462,-1.01063608186777,1.2095775674984,39.2476089664614,12.3504235839311,"Declined",241,16
"T2508","2020-2025","DB-tree",-2.45715705728285,-0.148599328788826,-1.05806583367962,1.01859163578813,52.2028213341417,6.49352167814933,"Declined",329,37
"T2509","2020-2025","EB-tree",-2.60183748100203,-0.102702717984396,-0.654506069464425,1.01859163578813,35.7462002184397,9.29464867656669,"Declined",490,75
"T2510","2020-2025","EB-tree",-2.39916776454731,-0.190056739001015,-0.457175783533005,0.986760647169751,39.2794399550798,9.00816977900128,"Declined",489,81
"T2511","2020-2025","EB-tree",-3.26989192575524,0.0349282059200622,-0.492755935047675,1.01859163578813,47.7464829275686,33.1360591517326,"U-shaped",456,61
"T2512","2020-2025","EB-tree",-2.90300116440235,-0.0423751051764145,-0.30532028791491,1.01859163578813,35.8735241729132,18.302818455568,"Declined",376,62
"T2513","2020-2025","EB-tree",-2.53782428179421,-0.139161111530981,0.293635049923995,1.01859163578813,36.860284820083,16.9340859449777,"Unimodal",262,67
"T2514","2020-2025","DB-tree",-2.26981328266857,0.0206688945477781,-0.895916426394853,1.01859163578813,32.7859182769304,22.2816920328653,"Declined",309,64
"T2515","2020-2025","DB-tree",-2.50437256975122,-0.0257274732044446,-0.392618945205075,1.01859163578813,46.2504264625048,23.0774667483248,"Declined",174,38
"T2516","2020-2025","DB-tree",-2.127279171112,-0.259140638199271,0.0586214138234356,1.01859163578813,41.1892992721825,11.8092967774186,"Declined",159,30
"T2517","2020-2025","DB-tree",-1.64416977250421,-0.056559994698705,-0.668924180464907,1.01859163578813,50.9295817894065,20.0853538181972,"Declined",97,28
"T2518","2020-2025","DB-tree",-2.29983425452655,-0.0301758696270149,-0.226838665646232,1.01859163578813,60.797188261104,36.2554960363338,"Declined",71,18
"T2519","2020-2025","DB-tree",-3.02189600470884,-0.48062194050135,1.62409324297277,1.01859163578813,54.5264835032833,11.7456348001819,"Unimodal",135,24
"T2520","2020-2025","DB-tree",-2.14636187024577,-0.125359159777137,0.148386245617102,1.01859163578813,51.6298635390108,15.6926773888609,"Unimodal",107,33
